id,member_id,actual_ead_pct,pred_ead_pct
1077430,1314167,0.817416,0.6178951
1071795,1306957,0.971067857142857,0.61641073
1071570,1306721,0.8747013953488373,0.6778198
1064687,1298717,0.8604288888888888,0.68140763
1069057,1303503,0.456653,0.6605559
1039153,1269083,0.49071619047619053,0.6441447
1069559,1304634,0.7824033333333333,0.59292424
1069800,1304679,1.0,0.62671626
1069657,1304764,0.8741899999999999,0.6565069
1069465,1304521,0.15652399999999997,0.5398375
1069248,1304123,0.09623666666666662,0.6345603
1069243,1304116,0.8413616666666667,0.61592716
1069410,1303652,0.5718661904761905,0.73528975
1069126,1303778,0.450462,0.5823783
1069093,1303740,0.6848380952380952,0.64444166
1068906,1303528,0.8139231707317073,0.6561608
1060981,1292558,0.4790234375,0.5784686
1068542,1303143,0.8241228571428572,0.6383841
1068509,1302907,0.7256790322580645,0.6355874
1068309,1302924,0.5703718459495352,0.579173
1068012,1302365,0.16797800000000007,0.7020736
1068202,1302588,0.44667199999999996,0.6653131
1068006,1302360,0.5650339240506329,0.69832844
1068179,1302564,0.6371576271186441,0.68937385
1066215,1300572,0.84110125,0.6346465
1068111,1302472,0.4129018018018018,0.5286075
1068091,1302450,0.24902333333333337,0.6382065
1067794,1302151,0.570609,0.594653
1068018,1302371,0.739017439703154,0.638292
1067818,1247741,0.8383232142857142,0.6248172
1067644,1302032,0.369976,0.569929
1067364,1301744,0.32004399999999994,0.670466
1067152,1301933,0.3631754838709677,0.64656675
1062471,1294536,0.9340864999999999,0.64500016
1067126,1301506,0.8979585714285715,0.65017086
1067324,1301699,0.44228933333333337,0.63967294
1067102,1301481,0.53701,0.60241616
1067265,1301632,0.40753312500000005,0.6663335
1067038,1301405,0.7888116666666667,0.6410513
1031265,1260676,0.5743054945054945,0.6312261
1066835,1301027,0.8652485714285715,0.6767251
1063280,1295793,0.22991442786069646,0.6620223
1066798,1300982,0.4350894736842106,0.71733975
1066766,1300949,0.06330972222222221,0.58990115
1066613,1300801,0.8482192307692308,0.68040884
1065648,1299754,0.5068057142857143,0.5360967
1066503,1300476,0.548665,0.562842
1066344,1300716,0.25436730769230764,0.6296565
1048526,1279867,0.6565350000000001,0.6968565
1066232,1300594,0.03640400000000009,0.64868915
1066162,1300514,0.30578999999999995,0.60852915
1063447,1296011,0.6782756249999999,0.65285844
1066112,1300264,0.975936,0.71726555
1066071,1300216,0.6390542857142857,0.61291003
1065026,1298879,0.6501524999999999,0.60756874
1057001,1288555,0.7178606666666667,0.6031993
1065513,1299629,0.7401144444444445,0.6295267
1061788,1293410,0.6841149999999999,0.725691
1065467,1299576,0.7413633333333334,0.6069498
1065649,1299755,0.440264,0.672512
1064102,1296692,0.8816244999999999,0.64546347
1062399,1294261,0.355855,0.6236192
1065348,1299443,0.882498,0.66572624
1065304,1299388,0.646305,0.6116157
1065103,1299180,0.881333,0.5923832
1065254,1299335,0.7484604166666666,0.65667814
1059620,1291228,0.7822049999999999,0.61100185
1065196,1299063,0.46412299999999995,0.6210186
1062248,1294105,0.5561733333333333,0.581501
1064754,1298795,0.5350116,0.73575157
1064727,1298762,0.8589453521126761,0.6307786
1064636,1298456,0.44967583333333333,0.63360304
1056865,1288419,0.6745513333333334,0.5366467
1064783,1298613,0.9070099378881988,0.61297345
1064608,1298422,0.6168366666666667,0.5085109
1064251,1298041,0.7995533333333333,0.75465953
1035800,1265435,0.8925104874446086,0.66771656
1064366,1298164,0.97776,0.7191704
1064150,1298144,0.8378058823529412,0.6023307
1029473,1258841,0.3532643288996372,0.6264756
1063949,1297930,0.6838622222222223,0.6049889
1064133,1298122,0.519694,0.6815517
1063751,1296522,0.6747062500000001,0.63279206
1063788,1296355,0.43298571428571425,0.60611
1063781,1296348,0.4568633333333333,0.60738045
1063778,1296342,0.956282,0.6054752
1063693,1296259,0.393265,0.66213286
1057424,1288982,0.41730375000000003,0.71112853
1063448,1296012,0.83945,0.61826897
1063421,1295979,0.5910325000000001,0.53189844
1063393,1295948,0.9496950537634409,0.6173259
1059525,1291351,0.6994950000000001,0.6574631
1063069,1295567,0.6908348235294117,0.6959679
1062997,1295086,0.7418873333333333,0.6326659
1062918,1295405,0.6295125,0.5020176
1062976,1295062,0.8349275,0.5618473
1062897,1295380,0.4468,0.49264026
1059486,1291111,0.303375,0.66060424
1062851,1295329,0.72831375,0.68331546
1062844,1295322,0.5909053846153847,0.7056463
1062864,1295344,0.9346720833333334,0.68969405
1062734,1295018,0.75866875,0.63098747
1062555,1294623,0.7131675000000001,0.6666512
1062606,1294478,0.745529642857143,0.57429326
1062536,1294599,0.21417999999999998,0.5484957
1036838,1266720,0.6724629737609329,0.61544263
1062478,1294543,0.3417798657718121,0.7358395
1062454,1294520,0.747754375,0.6969948
1062330,1294396,0.771950909090909,0.60818994
1062414,1294277,0.418588,0.6126756
1062401,1294263,0.25789399999999996,0.63308984
1031348,1260966,0.38985666666666663,0.58804584
1062268,1294324,0.5904090909090909,0.63290656
1062146,1294204,0.9607040816326531,0.6029244
1062257,1294315,0.777468018018018,0.66724265
1062250,1294107,0.6098192307692307,0.6106232
997521,1222612,0.22635277777777774,0.52765906
1058624,1290219,0.8024250505050505,0.62630886
1031266,1260677,0.6091732394366197,0.6301494
1061914,1293952,0.4243799107142857,0.6151309
1061741,1293770,0.3690786516853933,0.5802961
1057749,1289516,0.7312117647058824,0.649392
1061869,1293501,0.8559022974607012,0.71935505
1061661,1293676,0.8060175609756098,0.6965663
1061643,1293657,0.7027827586206897,0.68266624
1058931,1290729,0.7437983333333333,0.62165165
1061496,1293299,0.6588069999999999,0.58374816
1058858,1290455,0.9569384259259259,0.58959913
1060436,1292191,0.8085878787878789,0.65892625
1060995,1292578,0.4342958333333333,0.640593
1061135,1292930,0.19298888888888896,0.6343388
1060934,1292910,0.48901300000000003,0.6261557
1061130,1292925,0.621223,0.6258417
1060553,1292714,0.16709833333333335,0.67100805
1060979,1292556,0.8650671428571429,0.6218413
1060970,1292545,0.75966,0.6183672
1060720,1292493,0.7567651515151514,0.5461864
1052346,1283902,0.34063999999999994,0.7255833
1060485,1292242,0.6547999999999999,0.6036615
1051471,1283155,0.8360694444444444,0.62826854
1053763,1285365,0.9806889929742388,0.69062424
1060086,1291922,0.9788506250000001,0.6495258
1059948,1291788,0.7970641666666667,0.62604827
1060019,1291647,0.7279253846153847,0.6653779
1053454,1285049,0.6763312280701755,0.61882854
1059874,1291507,0.4171072916666666,0.6122402
1032863,1262418,0.9261158333333332,0.5862237
1057243,1288802,0.5845986666666666,0.6476739
1059157,1290971,0.7891617977528089,0.7620544
1059522,1291347,0.3448066666666667,0.63302684
1059502,1291327,0.8487573170731707,0.6417482
1055994,1287564,0.6769613333333333,0.61613965
1059461,1291081,0.9900283544303798,0.6281383
1059319,1291122,0.722967868852459,0.64984655
1059291,1290894,0.6571197568389057,0.6155917
1059409,1291025,0.7248653846153846,0.6175337
1058892,1290489,0.74187875,0.62367564
1057403,1288960,0.8589083333333334,0.6668285
1054453,1286084,0.30261800000000005,0.6020103
1058824,1290419,0.4036597142857143,0.621599
1058734,1290535,0.45280150943396225,0.64263874
1058515,1290104,0.46068400000000004,0.6149852
1058110,1289687,0.9271999999999999,0.60282266
1058519,1290108,0.0406254166666666,0.61809295
1058483,1290071,0.8132837647058823,0.6303118
1058484,1290072,0.4348791666666667,0.70198095
1057201,1288760,0.9217701923076923,0.6335396
1058372,1289952,0.9523133333333333,0.661808
1058301,1289888,0.4729337209302325,0.69670856
1058309,1289896,0.1307312941176471,0.6299387
1058126,1289704,0.7567731707317074,0.665054
1058111,1289688,0.06471692307692306,0.5911446
1058082,1289658,0.7436404924760601,0.72358245
1058186,1289765,0.8224925,0.6429507
1058177,1289756,0.525906,0.6322452
1058162,1289739,0.763928,0.70175385
1057750,1289517,0.34773625,0.60476625
1056770,1288321,0.10198525798525805,0.65079373
1057720,1289487,0.9365879999999999,0.61779755
1057358,1289321,0.7669570093457945,0.6177456
1041468,1271495,0.584955,0.65051305
1057055,1288609,0.5703047368421054,0.62912595
1057204,1288763,0.7772056872037915,0.6040109
1057083,1288637,0.3587024630541872,0.74292785
1057110,1288665,0.6747173913043478,0.52589995
1057031,1288585,0.9193148936170212,0.6593526
1056799,1288353,0.5331153611393693,0.657051
1054308,1286151,0.21269399999999997,0.8062776
1056273,1287858,0.6624908809891809,0.70554376
1056298,1287885,0.7386949963741842,0.69722545
1056261,1287844,0.7504189054726368,0.6367964
1056239,1287822,0.8636030000000001,0.61081445
1056234,1287815,0.9111087794432547,0.60982007
1053252,1284826,0.652473076923077,0.6184036
1055949,1287725,0.8365423529411764,0.68075025
1055982,1287551,0.716590990990991,0.6656733
1055723,1287291,0.4066633333333333,0.67607975
1055873,1287447,0.6057628571428572,0.61599624
1055838,1287411,0.7973291891891892,0.59580195
1055716,1287282,0.7389505882352941,0.6509486
1055834,1287408,0.4074242105263158,0.5981262
1055636,1287196,0.6284041666666667,0.62501854
1055566,1287125,0.501494,0.5517495
1055509,1287067,0.653095,0.6638757
1055527,1287086,0.36748333333333333,0.6314283
1055322,1286886,0.3322309090909091,0.6818786
1055300,1286863,0.844665,0.65369326
1055468,1287021,0.48063333333333336,0.59526014
1055260,1286814,0.9040428571428571,0.6272362
1054703,1286556,0.6156039999999999,0.66129166
1049553,1280954,0.9052475201845444,0.6529509
1054692,1282904,0.9556979999999999,0.62337804
1054653,1286307,0.49950314285714287,0.7109537
1054445,1286076,0.6680966183574879,0.55082476
1054630,1286283,0.6060782352941176,0.67961895
1054607,1286259,0.6122480836236934,0.60752386
1054034,1285644,0.9708017647058824,0.598711
1052220,1283773,0.641754375,0.68051285
1053953,1285774,0.7516,0.5895716
1053935,1285755,0.32766999999999996,0.6002395
1053917,1285737,0.6671073333333334,0.6000747
1053702,1285300,0.654634,0.61562485
1053718,1285518,0.9251809523809524,0.6179006
1053500,1285099,0.7570263736263736,0.6912276
1051349,1282648,0.8789,0.714536
1053529,1285330,0.42895357142857143,0.6307862
1053445,1285040,0.4789642857142857,0.5104955
1051079,1282746,0.7026166666666667,0.56405336
1053280,1284857,0.847116,0.50403255
1053251,1284825,0.9030666666666667,0.49466044
1053092,1284675,0.8445959999999999,0.66702265
1053090,1284673,0.8602479999999999,0.67351294
1053217,1284783,0.6842741228070176,0.6371767
1053041,1284620,0.8374566666666666,0.628713
1052607,1284165,0.35653571428571423,0.59167975
1052548,1284084,0.6649242857142856,0.63162804
1052545,1284081,0.6132972222222222,0.6005966
1052477,1284009,0.819842142857143,0.67516655
1052485,1284017,0.3171793427230047,0.6419342
1052295,1283849,0.7018471428571429,0.6243813
1052469,1284000,0.016210000000000037,0.61532503
1052225,1283778,0.789503125,0.67484105
1052387,1283511,0.37708176470588234,0.589736
1052168,1283715,0.5061619047619048,0.56686753
1052376,1283497,0.5070547368421053,0.661744
1051809,1283310,0.8669475,0.5741625
1052102,1283645,0.523392,0.5949867
1051764,1283258,0.882948,0.5929185
1051720,1283038,0.6920607142857143,0.5941985
1051710,1283027,0.209115,0.5038389
1051694,1283010,0.42835249999999997,0.6595706
1051410,1282893,0.227015,0.5855341
1051442,1283126,0.5242966666666667,0.5343856
1051609,1280843,0.7440621359223301,0.56733716
1051591,1282697,0.59277625,0.6557072
1051355,1282656,0.74455,0.5386162
1041216,1271243,0.4136128571428571,0.6614487
1051124,1282796,0.876424,0.556129
1051048,1282512,0.34592866666666666,0.6434586
1050995,1282456,0.8745084,0.6412839
1051186,1282273,0.8073555555555556,0.60665447
1050921,1282201,0.231746,0.5775452
1050934,1282215,0.7973163636363636,0.5683542
1050905,1282184,0.7735816666666666,0.649505
1015745,1243424,0.2609871794871795,0.6317834
1050143,1281588,0.8586816666666667,0.6003355
1050329,1281759,0.9390569999999999,0.68083566
929732,1150483,0.7385053333333333,0.62437564
1050229,1281452,0.820246875,0.6738625
1050080,1281522,0.4432861111111111,0.5607564
1050014,1238176,0.24576536585365857,0.6210132
1033731,1263308,0.08727905604719759,0.5807311
1049691,1281117,0.44536249999999994,0.59162134
1049522,1280922,0.40606807692307695,0.7059701
1049562,1280778,0.8462047826086956,0.5936452
1049201,1280399,0.7928425,0.7375777
1049225,1280429,0.6778090909090908,0.58040524
1026422,1255604,0.8900920833333333,0.59164596
1049180,1280376,0.7420856447688565,0.4914641
1048887,1280067,0.9615241525423729,0.67960685
1048874,1280053,0.6283708333333333,0.6633284
1048337,1279457,0.854784,0.6101081
1048016,1279150,0.5555812,0.6938493
1047552,1278645,0.8749752380952381,0.6313734
1048535,1279878,0.1534967479674797,0.6295528
1047357,1278450,0.7621222857142856,0.6402515
1048710,1279676,0.9166928571428572,0.6159301
1048659,1268499,0.5919154574132492,0.63665843
1048621,1279579,0.8462265714285714,0.5646389
1048051,1279189,0.7775982857142857,0.6688161
1048572,1279521,0.9588966666666667,0.65671086
1048083,1279221,0.8497582491582492,0.7549932
1048215,1279332,0.37329541666666666,0.6407319
1036762,1266440,0.8635908860759492,0.6985016
1031182,1260588,0.8917342857142857,0.6441495
1047982,1279112,0.5465816666666666,0.6307387
1043020,1273514,0.8032669874879692,0.61713743
1045540,1276155,0.9331125,0.6416494
1047368,1278245,0.7143525,0.6898046
1047604,1278501,0.7413125,0.6303591
1047322,1278411,0.5880150000000001,0.61013466
1015821,1243307,0.5436930769230769,0.60522455
1044585,1274957,0.7045173333333333,0.59785634
1047248,1278330,0.9019562857142858,0.6793547
1047409,1278289,0.8825483333333334,0.6786729
1047260,1278343,0.507868,0.6015072
1045978,1276606,0.9221446920052424,0.60720795
1047133,1264757,0.5895266666666666,0.52856475
1047061,1272722,0.3352785714285714,0.59500307
1046905,1277969,0.8653,0.7053335
1047031,1277899,0.7966725,0.57893085
1040467,1270445,0.29679134615384617,0.6338379
1046255,1276891,0.2812633333333333,0.60885596
1046826,1277678,0.32692404643449413,0.63370204
1046792,1277642,0.5934175,0.6327361
1046552,1277600,0.3800186666666667,0.65914774
623231,798733,0.22824399999999995,0.5514071
1046653,1277507,0.25014,0.68267995
1046531,1277577,0.32324222222222226,0.6174489
1044522,1274874,0.8876791666666667,0.6094938
1033007,1262561,0.16295,0.6437145
1023901,1252975,0.8973025714285714,0.6823777
1046442,1277281,0.6631684999999999,0.6353976
1031634,1261059,0.9450280000000001,0.57833284
1046029,1276659,0.5724791666666667,0.6532421
1045966,1237299,0.7929037499999999,0.6564597
1045472,1275880,0.9803960283687942,0.5771317
1045358,1275980,0.5626875,0.6231224
1045339,1275958,0.9753499999999999,0.53065115
1040508,1270493,0.817881,0.63969254
1043332,1273448,0.62701,0.6479998
1044661,1275039,0.7151108247422681,0.626921
1040196,1270150,0.940039090909091,0.6483942
1045045,1275442,0.9000568571428571,0.6811352
1044994,1275383,0.33277999999999996,0.61357695
1044336,1274708,0.56156,0.748187
1044415,1274762,0.6979206666666667,0.6122259
1044140,1274483,0.59638625,0.5698071
1044073,1274411,0.3464688235294117,0.6286087
952346,1173097,0.5167758951965066,0.7162595
1044042,1274378,0.3562921428571429,0.7086968
1036033,1265698,0.8884189655172414,0.59265906
1007963,1234415,0.25097,0.82446027
1031255,1260665,0.873672,0.6172289
1043299,1273414,0.960714,0.63489896
1042657,1272927,0.46627120000000005,0.6691045
1043264,1273377,0.03683571428571434,0.65032715
1043012,1273106,0.8035888235294117,0.6455088
1042746,1273032,0.4450679487179487,0.6107555
1042948,1273249,0.513612962962963,0.66156065
1042915,1273215,0.6383409999999999,0.6342763
1042914,1273214,0.4048533333333333,0.62197614
1042630,1272698,0.4231125,0.66315407
1042771,1272863,0.6122705555555555,0.6303021
1042579,1272642,0.6665544,0.7472289
1042157,1272433,0.505915,0.63974804
1041447,1271470,0.2243669291338582,0.54223543
1042195,1272245,0.7370696969696969,0.5567361
1042060,1272334,0.38520988764044944,0.6679701
1041933,1272179,0.87869125,0.6415808
1041844,1271881,0.6905040000000001,0.6100024
1041802,1271837,0.8788258333333333,0.5965194
1041534,1271765,0.2404112121212121,0.6905613
1041507,1271736,0.391545,0.65172625
1041438,1271461,0.6660866666666667,0.59455466
1037138,1267030,0.9133686666666667,0.65854776
1041173,1271194,0.46486266666666665,0.6249917
1040959,1271173,0.9029762499999999,0.6312027
1037687,1267587,0.7269194999999999,0.565425
1040854,1270859,0.40593250000000003,0.6056021
1040729,1270918,0.758692923076923,0.6535959
1040538,1270728,0.5088036144578313,0.5633468
1040671,1270658,0.09635857142857146,0.6004751
1040679,1224929,0.8338054285714286,0.6532534
1040663,1270648,0.79785,0.60534954
1037108,1266995,0.4153196,0.58796006
1040421,1270396,0.9075943333333334,0.6357176
1038627,1268536,0.8418491428571429,0.7031411
1033722,1263299,0.9427883333333332,0.6401855
1031022,1260445,0.31412870493991984,0.6733295
1039496,1269430,0.32685030303030305,0.48554265
1039330,1269270,0.3519525,0.57116455
1039279,1269219,0.6013462264150944,0.68617666
1039478,1269412,0.282653023255814,0.62893015
1039258,1269197,0.847066,0.638477
1038907,1268841,0.40972638888888885,0.643661
1038475,1268396,0.8617257142857142,0.6464226
1032033,1261465,0.9088620000000001,0.64245415
1028642,1257996,0.8133909677419354,0.59932244
1038617,1268526,0.661263213811421,0.63068897
1038476,1268397,0.332701,0.59478915
1038609,1268518,0.8421095354523227,0.752654
956756,1177507,0.9197458333333334,0.5655402
1038602,1268311,0.92916,0.6232492
1036857,1266739,0.8408579166666666,0.68796504
1038273,1268175,0.8016872222222222,0.69698954
1037730,1267633,0.84721,0.63637936
1037873,1267769,0.5831076923076923,0.726327
1037646,1267549,0.8397126666666667,0.64048773
1037812,1267506,0.6649983333333332,0.6187782
1037540,1267432,0.734045283018868,0.60961187
1037258,1267152,0.4886045977011494,0.6368492
1037231,1267125,0.9093818181818181,0.59751254
1036945,1266833,0.8038,0.6142453
1037033,1266918,0.49762153846153845,0.6798992
1036749,1266625,0.6782311428571428,0.6654246
1035664,1265515,0.6665327272727273,0.72299117
1037026,1266711,0.1285046428571429,0.69459
1036813,1266493,0.09860799999999999,0.6033562
1036774,1266452,0.7457371428571429,0.63376176
1036674,1266546,0.4611277142857143,0.7086513
1031328,1260945,0.17471666666666663,0.75952923
1036707,1266569,0.9680525,0.6841535
1035592,1265240,0.9437139999999999,0.5473269
1036700,1266575,0.865261111111111,0.6649171
1036680,1266554,0.72722,0.6003746
1036113,1265980,0.8034792079207921,0.64011633
1036603,1266272,0.7013575000000001,0.57674474
1036305,1266166,0.521644,0.63688433
1036336,1266201,0.9600705263157895,0.68275803
927235,1147986,0.504211,0.6619211
1035167,1264803,0.9391785714285714,0.6515938
1036069,1265935,0.34706640625000007,0.63272727
1036060,1265925,0.756774144486692,0.6600029
1034612,1264200,0.8125936170212766,0.6330286
1036017,1265679,0.92762,0.5891563
1018242,1246490,0.5330424,0.6766667
1035817,1265453,0.7194434999999999,0.7222168
1029082,1258445,0.9126461538461538,0.6789442
1035775,1265405,0.7838257142857142,0.6416893
1035518,1265346,0.37430208333333337,0.6308446
1035381,1265001,0.30244799999999994,0.600268
1035487,1265314,0.9210666666666667,0.7318417
1035481,1265108,0.73485,0.62946004
1035373,1264991,0.9740062500000001,0.5874426
1015561,1243237,0.320428125,0.7169143
1035424,1265049,0.4998261261261261,0.6138297
1034363,1263965,0.5235199312714777,0.70482147
1035402,1265024,0.6018717592592593,0.61919063
1035255,1264896,0.46070666666666665,0.64300364
1035062,1264673,0.7920076470588235,0.63218784
1034896,1264729,0.941874,0.6034643
1035025,1264635,0.7355445652173913,0.6381762
1034865,1264496,0.888122,0.5615296
1034807,1264434,0.8091279761904762,0.66155523
1033565,1263134,0.43499590909090907,0.6841411
1034757,1264559,0.8232259259259259,0.58244056
1034778,1264402,0.793226,0.5975866
1034733,1264533,0.9138147999999999,0.612847
1034529,1264348,0.8143414285714287,0.62661165
1034017,1263597,0.5414075,0.6283199
1034059,1263639,0.7621391428571429,0.74687517
1034051,1263631,0.5429229999999999,0.70792055
1033948,1263735,0.0690933333333334,0.64492524
1033885,1263470,0.8893795,0.62208617
1033669,1263245,0.29765885714285717,0.6593537
1033569,1263136,0.43660090909090904,0.661193
1016253,1243955,0.03747916666666659,0.5701807
1033444,1263016,0.6660053333333333,0.5803995
1031222,1260631,0.8531436170212766,0.6826174
1033047,1262606,0.7736777227722773,0.7027102
1033033,1262589,0.5808915,0.59359556
1032577,1262042,0.9114133333333334,0.6159662
1032771,1262322,0.8446133333333333,0.6721753
1032337,1262001,0.5614306306306307,0.63038886
1032352,1262015,0.599292,0.5758069
1032334,1261997,0.39820192307692315,0.6273028
1032519,1262161,1.0,0.6228901
1032260,1239363,0.78645875,0.552061
1032392,1261826,0.7199466666666667,0.70501006
896003,1116554,0.9454673333333333,0.5776878
1032057,1261491,0.8260225352112676,0.62489563
1031861,1261514,0.913881,0.7489993
1031991,1261421,0.6920651685393259,0.6340905
1031780,1261232,0.33736083333333333,0.61523503
1030280,1259686,0.342341,0.5276468
985283,1208979,0.2818425,0.49266884
1031521,1261171,0.6550025714285714,0.6782215
1031691,1261317,0.7566822222222221,0.63826054
1022421,1251209,0.5800111111111111,0.7472228
1031500,1261148,0.8543214285714286,0.7049737
1031647,1261072,0.6156178571428571,0.64013815
1031462,1260908,0.7876124999999999,0.67573047
1031468,1261116,0.9636829679595279,0.65946805
1031631,1261051,0.5696918032786885,0.63237095
1004345,1230963,0.9305540000000001,0.59259224
1031278,1260692,0.5134866666666666,0.63504255
1031054,1260478,0.5393861111111111,0.63768804
1024037,1241997,0.9076362156663276,0.72229993
1030851,1260247,0.5988277777777777,0.64486045
1026295,1255458,0.4215773333333333,0.5949075
1030778,1260168,0.41673984375000006,0.59701806
1030558,1260144,0.8993616666666667,0.57739085
1030354,1259963,0.8130682352941176,0.6217855
1030551,1260140,0.900276,0.63469905
1030264,1259669,0.47263499999999997,0.7692923
1028867,1258221,0.8584407407407408,0.69311225
1029779,1259350,0.32755200000000007,0.66000813
1029334,1258696,0.8206141666666665,0.6451712
1029200,1258554,0.9532288888888888,0.584409
1028658,1258012,0.8639308333333333,0.63685656
1028586,1257937,0.7980885714285714,0.49174792
1028591,1232487,0.13729714285714292,0.6440455
1028216,1257811,0.14067499999999997,0.71702975
1028164,1257750,0.29102142857142854,0.6131271
1027931,1257522,0.28879333333333335,0.60212475
1026242,1255399,0.8499257142857143,0.70461756
1027807,1257185,0.8922791666666667,0.7624381
1019978,1248729,0.9238599999999999,0.7520573
1014115,1241473,0.37565102880658435,0.59642154
997918,1223033,0.6753919540229885,0.6246646
1027182,1256393,0.7652738888888889,0.6832014
1026962,1256149,0.26211625000000005,0.5766677
823400,1031964,0.9601944444444445,0.66417485
1025950,1255527,0.724278409090909,0.6272126
1025947,1255524,0.8273275,0.7502802
1026594,1255768,0.466258,0.5375315
1011358,1238439,0.49685914285714283,0.65680385
1026463,1255647,0.3830984126984127,0.6450054
1026434,1255617,0.6841644444444444,0.62439364
1026311,1255476,0.71733625,0.6407627
1024126,1253236,0.48962083333333334,0.57416093
1026174,1255326,0.9500357575757575,0.64266896
1025554,1254711,0.9412487935656837,0.6874158
1025596,1254758,0.6362075,0.55355966
1025583,1254745,0.9101658333333333,0.6377003
1025579,1254741,0.8493440000000001,0.6434713
1025574,1254736,0.9437479999999999,0.7054262
1024600,1253504,0.9150378260869565,0.520305
1025108,1254242,0.878324,0.7372778
1025100,1254234,0.9583183673469388,0.735367
1025163,1250948,0.46033375,0.52681965
1024798,1253935,0.869222,0.6488859
1015995,1243475,0.7570331877729258,0.71928453
1024480,1253604,0.4276966666666666,0.57896656
1024122,1253232,0.5019071428571429,0.5739282
1020621,1249409,0.7290745714285715,0.7256424
1023946,1253026,0.48898857142857144,0.5179137
1023909,1252985,0.7534595238095237,0.6305155
1023972,1252863,0.7991333333333333,0.616861
1023842,1252710,0.5681547445255475,0.63028777
1023860,1216633,0.689998,0.6788249
1023704,1252790,0.956664,0.6979841
1020966,1249765,0.6213225,0.71045244
1023802,1252659,0.9120066666666666,0.71973616
1023555,1252607,0.5391885714285714,0.665735
1023542,1252591,0.6887166666666666,0.6153872
1023275,1252098,0.9161925714285714,0.64494705
1023219,1252042,0.369174,0.7704721
1023172,1251991,0.13734857142857138,0.51404536
1022961,1251977,0.7105133333333333,0.6631387
1022829,1251638,0.758955,0.64860064
1022452,1251246,0.9428847222222223,0.64375144
1022563,1251342,0.6022875,0.6952549
1019242,1247917,0.2412166666666667,0.6271298
1022134,1249057,0.5191888888888889,0.5637827
1020342,1249518,0.8823271428571429,0.5540882
1010659,1237484,0.6863033333333333,0.58480537
1021379,1250132,0.82964609375,0.6059537
1020990,1249791,0.951908,0.5866665
1020845,1249631,0.8458048780487805,0.7331465
1020640,1249431,0.6483592920353981,0.6417468
1020400,1249172,0.32838874999999995,0.6578704
1020546,1249328,0.476454945054945,0.6336685
1020343,1249517,0.19445800000000005,0.56257796
1020326,1249101,0.12841944444444442,0.5358136
1020303,1249076,0.9335858490566038,0.6157617
1020291,1249063,0.9314957142857143,0.6897676
1020220,1248987,0.891842,0.6901669
1009012,1235713,0.949122085048011,0.6765892
1020042,1248799,0.74843,0.64541125
1016497,1244208,0.8391084999999999,0.6817959
1018112,1246536,0.23381466666666662,0.58150274
1018997,1247277,0.7497325,0.66633797
1019261,1247939,0.23773119999999995,0.59564537
905122,1125673,0.4215395833333333,0.60846525
1019040,1247720,0.9300342307692308,0.6933601
1017623,1245399,0.861488,0.70139956
1016236,1243600,0.827225,0.64694226
1018707,1247175,0.4196936,0.61446655
1016245,1243947,0.9084254999999999,0.6604253
1018784,1223441,0.8256608391608392,0.60434854
1014923,1242541,0.9392375,0.5943318
1018550,1247002,0.581283,0.6378381
1017154,1245518,0.5441731123388581,0.5982191
909295,1129846,0.735052,0.67017597
1018373,1246604,0.4088222222222222,0.5922443
1018080,1246267,0.4041365714285714,0.63051015
1017343,1245314,0.40573717948717947,0.65897584
1018056,1246243,0.815573125,0.6327905
1016154,1243851,0.906583,0.6785491
1017756,1230475,0.9072100000000001,0.5608659
1017495,1245670,0.7800284,0.6529234
1017697,1222732,0.835464,0.58283126
1017589,1245362,0.8513977952755906,0.72531325
1017282,1245239,0.6686610000000001,0.63377815
905862,1126413,0.50721875,0.6344744
1016554,1244271,0.46523916666666665,0.624258
1016562,1244074,0.7676742857142858,0.66794544
1016371,1243869,0.7818071232876712,0.56148636
1016140,1243837,0.78465125,0.5943383
1016107,1243800,0.8498338870431894,0.70100856
1015178,1242610,0.6902941666666668,0.6579638
1016039,1243723,1.0,0.66480786
1015990,1243471,0.8666799999999999,0.66935384
1015893,1243585,0.7914106481481482,0.6189299
1015882,1243574,0.8469283333333333,0.47805253
1015827,1243516,0.4283442857142857,0.6513134
1015820,1243306,0.7634048275862069,0.5641099
1015628,1243095,0.815,0.53633046
888558,1105000,0.8462811428571428,0.5943915
1015136,1242776,0.5651398692810458,0.74088836
1015102,1242732,0.8108874285714286,0.62268734
1014937,1242558,0.28139,0.72696763
1012953,1240726,0.867974,0.7021813
1012584,1239715,0.6660588628762542,0.5883271
1015029,1242450,0.6656500000000001,0.6273409
1014847,1242247,0.6696275,0.6193564
1014734,1242349,0.911322,0.69401723
1014541,1242130,0.6354342857142857,0.65199286
1014586,1241972,0.9025423611111112,0.64731246
1014422,1241794,0.5246457142857143,0.6595219
1014584,1241970,0.4821849999999999,0.6320949
1014405,1241777,0.9666891666666667,0.6459031
1014352,1241935,0.902333559322034,0.66802436
1014377,1241746,0.9007345833333333,0.6978542
1014291,1241667,0.9535741935483871,0.58460504
1014100,1241456,0.3586091954022988,0.6643492
1008716,1235410,0.881265,0.6193652
1013809,1241164,0.5691065693430657,0.5906007
1012890,1240055,0.7672221024258761,0.6609103
1013112,1240284,0.90571,0.6266456
950998,1171749,0.5890885714285714,0.63938797
1012106,1239227,0.25510249999999995,0.61054546
1012136,1239258,0.9535701960784314,0.69767696
1012281,1239399,0.9698294285714285,0.73096246
1011650,1238742,0.8129971830985916,0.6294769
1012204,1239111,0.751188,0.59277195
1012019,1239132,0.850122371967655,0.6221127
1012022,1239135,0.8988066666666666,0.6349878
1011693,1238790,0.23443333333333338,0.5704942
1011873,1238969,0.927798,0.535658
1011652,1238744,0.8849496062992126,0.62735796
1011655,1238747,0.92152,0.66270715
1010624,1237445,0.7755134285714286,0.72672755
1011404,1238268,0.5127654545454545,0.6082082
1011319,1238392,0.13922249999999997,0.65104294
1011164,1238013,0.3888133333333334,0.55116284
1010915,1237960,0.11091923076923078,0.58107674
1011055,1237907,0.9286800000000001,0.60297215
1011087,1238141,0.857679347826087,0.6510163
1010894,1237938,0.8179449999999999,0.6858888
1011017,1237862,0.17594166666666666,0.8169603
1010998,1237838,0.8298666666666666,0.61581814
1003727,1230332,0.9000099999999999,0.5802825
1010496,1237519,0.5167444444444445,0.51836526
1010493,1237515,0.35373000000000004,0.66695285
1010411,1237221,0.8404565714285714,0.7003892
1010410,1237220,0.6150916666666667,0.58549464
878883,1093661,0.6446416666666667,0.5348654
1010321,1237328,0.663376,0.6701582
868543,1082275,0.61249,0.6281056
1010303,1237107,0.9296066666666667,0.5924181
926571,1147322,0.931466,0.6751263
1009946,1236925,0.9890716666666667,0.66175425
1001931,1228137,0.7311821428571428,0.5825916
1010000,1236786,0.6527526666666668,0.6137421
1010003,1236791,0.8020908571428571,0.6110456
1010030,1236819,0.7712052631578947,0.56382203
1010191,1223825,0.9519903225806452,0.6546094
1003720,1230324,0.9226599999999999,0.5780855
1010015,1236804,0.728098028169014,0.6358929
1009833,1236591,1.0,0.62236035
1009540,1236291,0.9902796666666667,0.65819263
1009673,1236440,0.9637,0.736288
1009763,1236516,0.552403,0.6904431
1009531,1236281,0.9619468181818183,0.6907148
1009563,1236313,0.8840644444444444,0.7051209
1009453,1236186,0.9681355599214145,0.69566315
1009301,1236041,0.49524650000000003,0.58722115
1009294,1236034,0.682182,0.58477783
1009413,1236139,0.5297728571428572,0.6777335
994506,1219134,0.8744006666666667,0.6040551
1003712,1230316,0.7295780000000001,0.69288266
1008915,1235633,0.6973124,0.71179223
1008845,1235560,0.9770705,0.6983874
1008832,1199872,0.8655957142857142,0.56462854
1008504,1235214,0.6256632,0.60689753
1008519,1235231,0.8553125,0.60161597
1006841,1233198,0.13686584070796456,0.6767505
1008635,1235322,0.905521403508772,0.5769394
1008099,1234769,0.8660781893004116,0.64163613
1008057,1234724,0.470238,0.57071126
1007751,1234402,0.7421966666666667,0.5044858
1007711,1234353,0.7192958333333334,0.6124025
1007073,1233435,0.5028638888888889,0.5653025
990658,1214645,0.8191112500000001,0.7062567
1005939,1232513,0.1624809523809524,0.5630951
1007386,1233777,0.7212684615384615,0.66251194
1007014,1233372,0.776524,0.65567064
1006812,1233165,0.7873718309859156,0.59722084
1002546,1228817,0.5562328767123288,0.6288442
1006769,1233120,0.5032975000000001,0.5541049
1006398,1232816,0.6259625,0.5997299
1006579,1232989,1.0,0.734873
1006564,1232974,0.739581601362862,0.6949961
1006372,1232788,0.8182614379084967,0.6417653
1006364,1232779,0.4470780172413793,0.7205509
998521,1223683,0.979472159090909,0.62450093
1006236,1232629,0.29275999999999996,0.5893555
1005977,1232359,0.8201162857142857,0.68105906
1005627,1231984,0.7668565714285714,0.6873072
998222,1223354,0.2528460869565217,0.6855011
1005145,1231824,0.7127166666666667,0.6635305
1005579,1231932,0.6004226666666667,0.6149717
1005161,1231842,0.855525,0.5223894
1004991,1231451,0.9254757142857143,0.6690831
1004670,1231103,0.8264,0.6803746
1004462,1230902,0.8219782608695652,0.655992
994164,1218570,0.911172,0.66289634
1004151,1230781,0.41765142857142856,0.49315947
1004114,1230744,0.9770916666666667,0.62862146
1004215,1230623,0.21370399999999998,0.6303001
1004175,1230581,0.3562444444444444,0.52391505
1004044,1230468,0.6619780000000001,0.5949631
1004167,1230573,0.7456237499999999,0.62447226
1003925,1230523,0.9767325,0.66171736
1003771,1230160,0.6013666666666666,0.5953972
1003708,1230112,0.369053125,0.54966736
977839,1200662,0.37417413249211356,0.6347289
1003633,1230029,0.5786053333333333,0.6449234
1002291,1228520,0.6954645,0.6496481
1003549,1230136,0.6492536666666667,0.7266602
1003451,1229814,0.7261014662756597,0.5417562
1002894,1229179,0.8676280155642023,0.7019267
1003031,1229105,0.3205469107551488,0.6428743
1003025,1229098,0.6784579411764706,0.67357194
1002534,1228805,0.328258,0.5941082
1001258,1227246,0.49734028571428573,0.62853
1002440,1228499,0.553125,0.60878074
1002443,1228502,0.4128208333333333,0.6073624
1002404,1228462,0.7982275,0.5680888
1002337,1228570,0.858778,0.5982675
1002303,1228533,0.5229199999999999,0.5653404
994522,1219151,0.2584035714285715,0.6445472
1001994,1228025,0.8132466666666667,0.62657416
994808,1219248,0.7554890322580645,0.64976627
1001727,1227944,0.2733999999999999,0.64927274
1001868,1227672,0.4759449541284404,0.6441277
1001484,1227075,0.8965482163406215,0.7052476
1001343,1227537,0.9899722222222223,0.71030945
1001335,1227527,0.4817952380952381,0.55978596
918617,1139168,0.8941542857142857,0.6708963
1001151,1226934,0.37058857142857143,0.56350315
1001241,1227225,0.9885316666666666,0.6313031
1001365,1226948,0.5040777777777777,0.48332682
1000967,1226719,0.6451203333333334,0.65594435
1000468,1226109,0.4448150753768844,0.5851739
1000643,1225894,0.9880475,0.56925577
1000396,1226025,0.9165653333333333,0.6285871
1000594,1225838,0.846415172413793,0.7449587
1000321,1225763,0.4332283333333333,0.6482059
1000262,1225489,0.41508782608695655,0.64269197
1000267,1225496,0.7709157407407407,0.6283146
973424,1195423,0.14076999999999998,0.4718858
999816,1225200,0.6901231250000001,0.6615163
999634,1225015,0.329975,0.7608339
991421,1215585,0.6891075000000001,0.5371381
999763,1225141,0.62594875,0.52482074
990118,1214090,0.48143833333333336,0.62960446
982018,1205205,0.49609720279720276,0.5751797
999295,1224664,0.7321041666666667,0.65496874
999250,1224611,0.214562,0.56655
999248,1224609,0.7851834285714285,0.768242
998880,1224254,0.7545866666666667,0.6037542
998505,1223666,0.9653931034482759,0.6838092
998515,1223677,0.9123880341880343,0.6316497
981610,1204772,0.4931125,0.5504214
998499,1223660,0.9241620689655173,0.4997647
998559,1224123,0.5073733333333333,0.49198526
998530,1223692,0.615772340425532,0.6064899
996693,1221746,0.5572033333333333,0.57671547
984625,1207858,0.782558125,0.7214741
998194,1223321,0.746022619047619,0.6343437
956877,1177628,0.8938474285714285,0.72273666
998014,1223147,0.268854,0.6331493
997879,1222991,0.8917383333333334,0.54333514
993894,1218497,0.9002766666666666,0.6083948
996517,1221561,0.25659375,0.5899068
997328,1222429,0.7706648571428572,0.723369
997734,1222858,0.8377196721311476,0.56961936
996748,1221810,0.8965245714285714,0.6312115
997329,1222430,0.8405078571428571,0.63405514
997490,1222576,0.6652107142857143,0.6275494
997241,1222324,0.5470404761904761,0.5783771
960175,1180926,0.5533668085106384,0.59979415
997204,1222081,0.93652,0.64468324
996934,1222005,0.2784159090909091,0.63855964
996440,1221072,0.7784857142857143,0.6839284
994715,1219368,0.9633519256308101,0.6386441
996255,1220872,0.6520199999999999,0.6380908
996550,1221600,0.5913331818181818,0.6955253
995281,1220051,0.8760735714285715,0.66881216
996814,1221675,0.9497513333333334,0.5672133
996977,1221844,1.0,0.56563914
978549,1201594,0.9509145454545455,0.768657
996595,1221240,0.88412,0.6200465
996437,1207167,0.3380738095238095,0.6103208
996150,1220973,0.12699189189189186,0.48755816
996199,1220811,0.756605,0.60753536
996053,1220657,0.8669608695652173,0.5511166
995878,1220466,0.5222831428571428,0.6573117
990813,1215022,0.9120766666666668,0.48795828
976241,1198992,0.93731,0.58565795
994078,1218276,0.7261533333333333,0.6693582
995527,1219898,0.8412652631578947,0.65941334
995296,1220067,0.9572232094288304,0.7052718
993768,1218360,0.11657333333333326,0.6234564
986535,1210713,0.4815015,0.6787659
994796,1219235,0.8197599999999999,0.670269
987906,1211911,0.4981833333333333,0.6057292
995410,1219764,0.5937152,0.6587174
995009,1219474,0.9017926666666666,0.62110233
993852,1218450,0.704505,0.63978493
994681,1219327,0.4055141666666667,0.6374193
994525,1219155,0.8028404761904762,0.6036602
994529,1219159,0.90783625,0.63186073
994284,1218704,0.6697114285714286,0.68926424
994249,1218661,0.5503096,0.54552644
993953,1218760,0.4580794117647059,0.59162796
994182,1218589,0.9687804,0.646649
994110,1218310,0.4105582608695652,0.5790567
993754,1218142,0.12369833333333327,0.5621877
993503,1217873,0.7256090000000001,0.55464965
984853,1208287,0.26905450000000003,0.6915758
992433,1216930,0.7501393333333334,0.63692164
992576,1216699,0.32271036144578313,0.61712676
992218,1216515,0.8733119047619047,0.73687726
991987,1216426,0.9186694999999999,0.70193166
991964,1216398,0.4996027272727273,0.65078455
991923,1216206,0.719384,0.59205645
991819,1215874,0.4168866666666667,0.52315897
991639,1216052,0.8179517857142856,0.54223627
991801,1215848,0.3614725,0.65223855
990816,1215027,0.5346799999999999,0.6036085
990709,1214704,0.8861935714285714,0.6435845
990789,1214995,0.8991262773722628,0.66580427
990527,1215118,0.7760228571428571,0.7417096
990688,1214679,0.663744,0.74926895
990687,1214678,0.56615,0.677511
973618,1195644,0.9764377850162866,0.5765654
988301,1212357,0.9127572715572716,0.5919111
990324,1214293,0.32821571428571433,0.5740828
990043,1214009,0.8750380000000001,0.38799742
989786,1213555,0.8318009615384615,0.50252706
989313,1213275,0.7729054545454545,0.65380085
989511,1213470,0.9568983333333334,0.6866563
989253,1213209,0.9504791666666667,0.65571284
987006,1210956,0.9207208333333333,0.63553584
973488,1195496,0.5071291428571428,0.6490047
977052,1199840,0.7228692857142858,0.6374857
978229,1201075,0.3550958333333333,0.73522615
988665,1212746,0.58665,0.53197163
988461,1212694,0.949074,0.59273696
988421,1212650,0.5064607142857143,0.61668956
988410,1212639,0.6058252336448599,0.7243731
985083,1208540,0.782436,0.6304789
988131,1212548,0.44360749999999993,0.631846
988100,1212513,0.956857,0.675852
988204,1212051,0.464484,0.7113709
987927,1212133,0.689138,0.5533553
987921,1104292,0.5606694444444444,0.6443748
987825,1211821,0.7397325000000001,0.60470223
987890,1211893,0.8084365714285714,0.708413
987663,1199931,0.7877284872298624,0.7061215
987633,1211667,0.8335733333333334,0.6092679
987592,1211618,0.8471559999999999,0.58116
987770,1211761,0.699576,0.5252062
987350,1211573,0.5785273195876289,0.6211273
987341,1211564,0.6541611111111111,0.5727603
987512,1211498,0.7477255555555556,0.57592225
987255,1211268,0.4853866666666667,0.56419414
987428,1211403,0.978295145631068,0.7295879
987103,1211062,0.4910291666666667,0.54077536
982218,1205415,0.5992264285714286,0.5806061
986800,1210780,0.5901166666666666,0.63774174
986991,1210938,0.5288024,0.6219104
986723,1208707,0.7051875,0.55823255
986708,1210651,0.8189496183206106,0.60948545
980381,1203564,0.5928078947368421,0.7370043
986491,1210464,0.9261528,0.60345244
986451,1210419,0.440478,0.5074705
986308,1210220,0.81979,0.77363086
887071,1103094,0.49439080459770113,0.51866186
986134,1210086,0.9134806201550387,0.5995485
986214,1210118,0.6488761904761905,0.48507792
986209,1210113,0.7967791666666666,0.608688
985932,1209831,0.7111483333333334,0.569613
985881,1110291,0.47718483870967743,0.55857015
956541,1177292,0.662337142857143,0.5858124
985800,1209283,0.9114925,0.7200669
920743,1141294,0.6614265714285714,0.6743136
985545,1209225,0.7249120588235295,0.66717505
985357,1209065,0.512808,0.5667304
985115,1208587,0.306244,0.6256352
985493,1209160,0.5349007692307692,0.63309574
971928,1193688,0.8560703333333334,0.76599556
981516,1204694,0.6412637142857143,0.6352588
985214,1208701,0.81786875,0.6088025
881823,1096974,0.9088764705882353,0.65750164
985127,1208604,0.810625,0.7115315
985107,1208571,0.9410857142857143,0.7188641
951028,1171779,0.6765025,0.5872299
905821,1126372,0.5107772727272727,0.6354618
984148,1207936,0.5532771428571429,0.49029106
984168,1207354,0.6428519999999999,0.60740334
983992,1207560,0.5675666666666667,0.6371873
908948,1129499,0.6084967032967032,0.68708235
983890,1207254,0.8559095238095238,0.726222
925654,1146405,0.9166468571428571,0.66431177
910917,1131468,0.9566805555555555,0.6392433
968565,1189546,0.8019926666666666,0.65194285
982314,1206330,0.8813916666666667,0.57887286
982256,1205459,0.735405,0.56655955
936385,1157136,0.8098758333333334,0.653097
981929,1205316,0.3310086666666666,0.669608
981989,1205173,0.7115229268292683,0.6874038
981878,1203600,0.8739664634146341,0.63350075
980105,1203281,0.8326094444444444,0.57614136
981976,1205161,0.8631333333333333,0.6081405
975156,1198061,0.8628131428571428,0.670207
981695,1204864,0.9773439814814815,0.6375993
981482,1204656,0.9882505714285713,0.69505703
981750,1204920,0.917466,0.6807203
936915,1157666,0.25555799999999995,0.67610246
967974,1188914,0.794388,0.6373867
981667,1204834,0.6887482352941177,0.637361
936206,1156957,0.6898172,0.7031792
974536,1196827,0.6840395833333334,0.5896506
980996,1204191,0.44251250000000003,0.52718395
980494,1203685,0.858493125,0.69347435
979169,1202031,0.572260606060606,0.6287022
980312,1203495,1.0,0.6557058
979287,1202366,0.9320748,0.6420326
980378,1203561,0.9371787500000001,0.6710081
980293,1203473,0.761418,0.70432454
897153,1117704,0.5132475,0.6204824
980289,1088994,0.0695958333333333,0.63092726
918960,1139511,0.09876333333333333,0.5245199
980033,1203201,0.8440574285714286,0.74239
976577,1199336,0.3593743119266055,0.6756037
979704,1202862,0.9578874999999999,0.67023516
979689,1202847,0.4169438888888889,0.6288826
979881,1203039,0.7120764999999999,0.6838797
979666,1202823,0.8319886666666667,0.75908726
979659,1202817,0.492054,0.6794145
979618,1202772,0.8790486486486486,0.6204026
918917,1139468,0.41906000000000004,0.63655514
968567,1189548,0.9509248,0.69551927
979778,1202929,0.31999428571428573,0.58989537
979575,1202726,0.15667742857142855,0.6979868
978077,1200907,0.669615,0.6992664
979090,1202183,0.30593600000000004,0.6259984
977981,1200792,0.5078076595744682,0.690757
978944,1202004,0.71928,0.62827384
978722,1201792,0.36394799999999994,0.5790851
978602,1201461,0.6371023529411765,0.64711845
978431,1201269,0.31585399999999997,0.64462245
978582,1201441,0.332496,0.6114201
978511,1201556,0.41342666666666666,0.52991486
978498,1201543,0.8630711538461538,0.62605315
978016,1200830,0.8797780000000001,0.63235265
977812,1200632,0.8511072222222222,0.7100813
977616,1200410,0.5197666666666666,0.5988628
977431,1200238,0.5752822222222223,0.6452317
977426,1200233,0.8893708333333334,0.62733805
977211,1199990,0.43634235294117646,0.63069963
976164,1198310,0.9350282352941176,0.6706397
976747,1199726,0.8228512499999999,0.6138287
973024,1194994,0.75166125,0.6699745
976782,1199531,0.85364125,0.6756978
976592,1199353,0.890825,0.6023586
976502,1199242,0.8072236363636363,0.7118241
976345,1109300,0.8867806451612903,0.7299214
976145,1198475,0.5400005555555556,0.61307067
976108,1198433,0.5539428571428572,0.6907059
975109,1198010,0.8950479166666667,0.5482904
976025,1198339,0.8711570833333333,0.6367216
876147,1090740,0.339713,0.6525707
975798,1198133,0.3183444444444445,0.69608206
975796,1103082,0.9615201923076923,0.61809886
974941,1197269,0.376912,0.7003567
975146,1198052,0.5455099999999999,0.5420856
974952,1197282,0.5855233333333333,0.56807536
974543,1196836,0.27643225806451616,0.5991279
973030,1195005,0.833816,0.68559796
974121,1196391,0.648454,0.60492
891656,1108462,0.8525613333333334,0.6320601
974043,1196096,0.8283984496124032,0.5740172
973949,1196185,0.5739268,0.653025
878776,1093599,0.3702166666666667,0.57947654
973533,1195745,0.550095,0.60701257
972106,1193858,0.8320994444444445,0.59327537
971859,1193616,0.8397033333333334,0.6879222
973293,1195306,0.5579110429447853,0.6370744
973403,1195400,0.8398191666666667,0.5971489
894072,1111239,0.950446908315565,0.6380402
969474,1190684,0.3638472222222222,0.5923604
969359,1190774,0.9055104166666667,0.61453265
973077,1195059,0.7708755102040816,0.66733336
971860,1193617,0.469732,0.69356024
972787,1194763,0.7423316666666666,0.5321605
972780,1194755,0.529775,0.5581942
972414,1194369,0.9357775757575758,0.65779907
972687,1194650,0.9695732075471698,0.7163919
972488,1194450,0.6139600000000001,0.6388728
971991,1193734,0.5094386363636364,0.65753734
971765,1193514,0.9102028,0.63075435
972613,1194571,0.7934341666666666,0.6043165
970343,1192002,0.47929999999999995,0.5716453
972129,1193884,0.9266786885245902,0.63081884
971914,1193673,0.424234,0.688588
968392,1189353,0.8784180555555555,0.6372958
971708,1193447,0.47566217391304344,0.61641777
971827,1193580,0.5193848571428572,0.68701386
971529,1193277,1.0,0.5800389
971512,1193257,0.8216238095238095,0.68624544
971449,1193186,1.0,0.71812356
971404,1193135,0.9752234285714285,0.6592863
971107,1192821,0.687975,0.5686055
971058,1192766,0.5834842857142857,0.61883086
970672,1192354,0.28095999999999993,0.6142882
969830,1191067,0.358444,0.5912309
970518,1192192,0.7972319999999999,0.60464793
967513,1188647,0.4716833333333333,0.6354077
970386,1192050,0.8513634453781513,0.66116446
970196,1191441,0.7530544871794872,0.69124055
969858,1191097,0.7466714285714285,0.63396
969733,1191172,0.7326529411764706,0.61638594
969613,1190839,0.4464175,0.7245897
883827,1099110,0.35927666666666663,0.65861136
968702,1189691,0.5306058333333333,0.61904585
968703,1189692,0.8384125000000001,0.65330225
968798,1189788,0.7282541666666666,0.50301504
968685,1189672,0.6733979999999999,0.5572826
968672,1098976,0.258708,0.5990319
968370,1189329,0.49710000000000004,0.5859368
968130,1189083,0.831872440944882,0.66540164
968114,1189063,0.3855158671586716,0.6242107
968098,1189046,0.4963916666666667,0.62789834
967930,1065797,0.662925,0.6577987
965918,1186766,0.31258500000000006,0.59895396
968014,1188956,0.9382662460567823,0.4989606
967857,1188809,0.7673901785714287,0.6193109
967801,1188746,0.46804222222222225,0.56806487
966834,1187721,0.48555882352941176,0.5744763
967372,1188090,0.712925,0.6274253
967350,1188277,0.7570410714285715,0.6090506
967084,1187992,0.8752712500000001,0.67260754
967217,1188131,0.531236,0.6479541
966932,1187832,0.693379,0.7175256
966615,1187292,0.8286285714285714,0.55706847
890538,1107152,0.2745058333333333,0.6515476
965945,1186795,0.9612548696844992,0.6596572
965746,1186592,0.7849366666666666,0.57755184
875305,1089872,0.7260966666666666,0.6126075
965579,1186209,0.41756875000000004,0.6128633
949894,1186116,0.8692558333333333,0.6322372
892283,1109221,0.7084892857142857,0.60059786
889707,1106319,0.9499639999999999,0.57728267
894434,1111619,0.766927,0.6435557
894186,1111367,0.763286153846154,0.57150185
894105,1111278,0.5655933333333333,0.5408483
894363,1111542,0.3269523529411765,0.70961684
890700,1107454,0.32860249999999996,0.53562856
894101,1111273,0.476984,0.5477947
879369,1094191,0.5057872,0.5888994
894021,1111181,0.75758,0.6296561
892946,1109985,0.50709,0.5999413
893983,1111138,0.9474173106646059,0.6513636
893407,1110543,0.4435733333333333,0.5758827
893278,1110302,0.7449328571428571,0.5859595
861751,1074718,0.5450126666666666,0.57728
891753,1108605,0.21720608108108105,0.6181667
891851,1108712,0.5582285714285714,0.5829174
892628,1109580,0.3058229508196722,0.6126597
892563,1109519,0.82111,0.5680686
892468,1109415,1.0,0.7082254
880773,1095754,0.8864928571428571,0.6850994
892209,1109144,0.7343,0.52961135
892064,1108939,0.8611685714285715,0.6175454
891857,1108768,0.335578,0.5604527
891913,1108775,0.9000045454545453,0.60775113
891804,1108720,0.7901176190476191,0.64109564
890942,1107660,0.5023733333333333,0.6678547
891622,1108421,0.45050833333333334,0.593577
891558,1108357,0.7401864,0.67449456
891547,1108345,0.9252799999999999,0.60392594
868942,1082728,0.7515965217391305,0.631511
891404,1108279,0.7785075409836065,0.6348603
887606,1103896,0.9089706666666666,0.63472104
891272,1108073,0.3468617647058823,0.6047975
885250,1100861,0.96436,0.72082156
891103,1107892,0.8230384,0.6038925
890816,1107523,0.13232333333333327,0.6577651
890569,1107234,0.6668433333333333,0.6015445
890620,1107212,0.478066,0.5952683
890527,1107141,0.43364583333333334,0.6138986
890515,1107126,0.8089565789473684,0.60608065
890401,1076196,0.9366881472957422,0.69396245
888296,1104641,0.41388450000000004,0.66092557
890159,1106737,1.0,0.5927846
890155,1106733,0.496213,0.6013339
889794,1106358,0.9900555555555555,0.67953026
887942,1104265,0.6127668549905838,0.6828027
889797,1106361,0.19363933333333333,0.69667494
889741,1106278,0.649335,0.5386053
889684,1106242,1.0,0.6014688
889548,1106051,0.33676885714285715,0.7062223
872334,1086519,0.45795,0.6988861
889263,1105708,0.4247244444444445,0.5956899
889198,1105724,0.5714458333333333,0.5802655
889094,1099694,0.7313173333333334,0.61951447
883026,1098284,0.21686666666666665,0.57365125
888402,1104758,0.522284,0.62567955
888223,1104570,0.56213,0.6041883
888068,1104353,0.4779725,0.56342953
862217,1075146,0.77171125,0.65693575
885249,1100860,0.7394585858585858,0.68286204
887616,1103747,0.7996194999999999,0.67475283
887364,1103461,0.6789993055555555,0.6116961
886292,1102106,0.6968121568627451,0.62512904
887402,1103555,0.9552242857142856,0.62518394
879707,1094682,0.789832,0.64883465
864135,1077297,0.41302187500000004,0.6487089
886664,1102665,1.0,0.5050543
885797,1101568,0.8571911111111111,0.62806624
886294,1102108,0.636435,0.62910074
886116,1101853,0.7555741666666667,0.54380065
885916,1101646,0.5459616161616161,0.67407066
885909,1101692,0.28836699999999993,0.7450714
885922,1101652,0.8713733333333333,0.5783848
885747,1101459,0.843880967402734,0.65856296
885489,1101184,0.42761272084805657,0.5778221
885522,1101214,0.9048404000000001,0.72988516
873624,1087946,0.41484099999999996,0.56570256
885280,1100892,0.745838,0.4549877
867529,1081136,0.884717966101695,0.5905585
884965,1100497,0.7868744,0.66992044
884963,1100495,0.49883599999999995,0.615075
884903,1100484,0.31934799999999997,0.6732115
884691,1100151,0.10207600000000003,0.66762364
882899,1098157,0.8787775999999999,0.7248898
884627,1100072,0.5570976,0.50649405
882221,1097393,0.27623015075376883,0.53179055
884502,1099939,0.9372947916666667,0.67680496
884501,1099938,0.872828,0.60137635
884403,1099831,0.47267499999999996,0.5938401
884395,1099822,0.39754999999999996,0.6382104
881875,1097026,0.6602159999999999,0.6769031
879516,1094336,0.7197471766848816,0.62820745
884048,1099390,0.557249900990099,0.634004
884064,1099350,0.7692866666666667,0.63689727
883986,1099321,0.361515,0.43851894
883984,1099318,0.805008,0.62776095
883958,1099296,0.5819696048632219,0.6217412
883831,1099164,0.1821033333333333,0.6015938
883717,1098997,0.7611805,0.73055905
883638,1098961,0.5467449999999999,0.6505043
883605,1098929,0.9617005555555556,0.6641122
883572,1098791,0.7241316666666666,0.60753334
883431,1098696,0.8546460348162476,0.6274455
883129,1098382,0.8653537142857143,0.6499783
883173,1098426,0.6925578947368422,0.5486214
882960,1098267,0.95526,0.5712198
882885,1098142,0.8009133333333333,0.745135
882779,1098029,0.7699300000000001,0.5358289
881888,1097041,0.42617999999999995,0.49582377
882431,1097601,0.9219266666666668,0.6239357
882462,1097640,0.47654,0.5947332
882355,1097577,0.20089999999999997,0.5672131
882365,1081056,0.7107677142857144,0.68852484
882246,1097471,0.9769661764705883,0.6298409
882226,1097400,0.8885085714285713,0.5736844
882118,1097284,0.8608460000000001,0.5951118
882090,1097250,0.883652380952381,0.61843693
881765,1096841,0.855962015503876,0.6094495
881074,1094906,0.6594273148148149,0.67848384
881339,1096408,0.674584126984127,0.58619857
877615,1092291,0.7019019999999999,0.64757895
878872,1093649,0.6417041666666666,0.6001835
880407,1095436,0.8900410256410256,0.582028
880347,1095310,0.9109802857142858,0.7076784
880366,1095342,0.43504750000000003,0.6775588
880286,1095260,0.8264524999999999,0.6787473
879844,1094774,0.876845,0.66991013
879744,1094635,0.9295200000000001,0.6013683
869300,1083150,0.3229907692307692,0.62328714
879631,1094506,0.27231388888888886,0.4803016
879398,1094275,0.9056638888888888,0.7574451
879404,1094281,0.3006366666666666,0.6102711
879372,1094194,0.8788033333333333,0.6740861
879297,1094167,0.281387294117647,0.61775285
879363,1089780,0.4688833333333334,0.62914413
879316,1094083,0.4803483333333334,0.69689596
879262,1094129,0.9042091666666667,0.59780806
879160,1093975,0.8705200553250345,0.6797824
878770,1093592,0.02763093749999996,0.71240973
878701,1093515,0.5180022813688212,0.65808594
878553,1093310,0.8429892430278884,0.64347047
871859,1086018,0.6035833333333334,0.5546008
865198,1078449,0.6457614227086184,0.6425294
877420,1092084,0.5835757142857143,0.60224485
877956,1092711,0.6049006134969326,0.58146834
877787,1092506,0.870970588235294,0.56608087
877707,1079657,0.5366916,0.69314855
877581,1092340,0.1544040000000001,0.576687
877577,1092336,0.515728125,0.6023665
877441,1092111,0.844375,0.63963145
877399,1092139,0.63975,0.5659365
872341,1086528,0.3152204484304933,0.6998577
876560,1091234,0.734817,0.63750845
876510,1091112,0.9278350000000001,0.5993459
876293,1090939,0.20213499999999998,0.641382
875547,1090055,0.955843,0.59274304
876156,1090749,0.97257,0.59704745
875979,1090577,0.3754535211267606,0.5643298
874530,1089016,0.6704866666666667,0.7138765
862642,1075690,0.7449119565217391,0.61835515
875843,1083667,0.8408254036598493,0.6252354
874464,1088937,0.5425140625,0.55271244
875646,1090228,0.76529375,0.6564585
875113,1089608,0.7364275000000001,0.610728
875569,1090125,0.5875221052631578,0.49838206
875338,1089843,0.4614883333333334,0.6476602
875528,1090036,0.845904,0.7267788
871193,1085240,0.7447622857142857,0.6588904
782812,985845,0.4659287234042553,0.6265391
875251,1089750,0.637856875,0.6642059
875224,1089720,0.34581842105263155,0.6243995
874395,1088866,0.76929,0.61499983
875114,1089610,0.5972666666666666,0.5995069
875005,1089497,0.4681208333333333,0.61040497
874907,1089394,0.34837087912087916,0.59037024
874747,1089245,0.5302166666666667,0.59834254
874642,1089135,0.6074026666666668,0.6722018
874671,1089102,0.5267478260869565,0.4677357
871228,1085299,0.8569713541666666,0.598234
874510,1088989,0.6454425,0.6391603
771059,972795,0.4884233333333333,0.65331465
874021,1088361,0.23821124999999996,0.53772044
873947,1088335,0.9618633333333334,0.611134
873954,1088343,0.3901194444444444,0.5872878
873784,1088163,0.615308888888889,0.6393691
873468,1087769,0.6938380952380953,0.63672924
872959,1087242,0.8477202614379085,0.70045596
872859,1087176,0.5987323943661972,0.74754906
871883,1085988,0.9747694444444445,0.6364626
872275,1086464,0.7808085714285714,0.60621226
872250,1086434,0.8626571428571429,0.64599204
871319,1085394,0.9053944444444445,0.6786371
870019,1083952,0.8306431428571429,0.77744985
871812,1085913,0.650219512195122,0.644937
871679,1085760,0.46729750000000003,0.5961583
871639,1083144,0.7263097690941385,0.6344047
871467,1085532,0.7702433333333334,0.6213608
871158,1085275,0.8728369999999999,0.63235986
871372,1085429,0.7010882352941177,0.67333627
871230,1085301,0.7435735714285715,0.63107747
871287,1085339,0.853734,0.66771424
871213,1085280,0.6775709090909091,0.59731334
870854,1084935,0.8383880000000001,0.6954953
847448,1058937,0.9160777115613826,0.6200864
870610,1084624,0.436084,0.6239276
870699,1084718,0.7875920000000001,0.62841797
870710,1084730,0.9055318181818182,0.69478047
870332,1084305,0.6653128571428573,0.5636793
870271,1084187,0.7421565714285714,0.6390089
870140,1084132,0.9151614285714286,0.5790386
870061,1084001,0.5833344,0.7022903
870037,1083973,0.8712466666666666,0.55185837
870014,1083946,0.41840740740740745,0.5429548
867618,1081230,0.9695025,0.6343501
869898,1083799,0.8893028571428572,0.5114372
869720,1083640,0.8972677419354839,0.68165123
869761,1083734,0.6061681818181819,0.4699447
869722,1083642,0.7945749999999999,0.6424108
869696,1083586,0.43404470588235294,0.54147375
869561,1083524,0.928893006993007,0.7151184
869525,1083436,0.6388765550239235,0.5506961
869471,1083301,0.9764883333333334,0.659104
869186,1083001,0.8904467924528302,0.68091977
869113,1082859,0.7011620000000001,0.6446172
868862,1082606,0.04216190476190475,0.56009835
868936,1082722,0.6899830115830117,0.49307835
868784,1082576,0.04281666666666661,0.6297319
868392,1082166,0.6777328571428571,0.5892439
868438,1082144,0.66745,0.6598944
811962,1019060,0.82163,0.6460684
827283,1036227,0.7139332470892626,0.6757668
867295,1080905,0.892178,0.70636106
868075,1081729,0.7022531746031746,0.5873946
868012,1056855,0.9812083333333333,0.6776646
867979,1081630,0.806858,0.6124744
867876,1081513,0.976196,0.6005692
867893,1081535,0.7710685314685315,0.62946075
867879,1081514,0.42074553571428575,0.5422233
867829,1081448,0.8602746666666666,0.65066546
867826,1081444,0.8501129629629629,0.71829623
867756,1017596,0.8895294285714286,0.61868984
867780,1081409,0.27805777777777785,0.63299507
865523,1078839,0.3824051162790697,0.6557096
867685,1081306,0.8791811088295688,0.76085395
867569,1081190,0.4751939534883721,0.61033726
867508,1081164,0.5052188235294117,0.61348087
860483,1073280,0.8449331147540984,0.5493787
867393,1081009,0.40212196589769306,0.74020183
867399,1081065,0.3491331695331696,0.6645411
867416,1080962,0.7058826666666667,0.67057097
861835,1074752,0.9445066666666666,0.7140493
847089,1058541,0.9240388,0.7124105
866506,1080024,0.2386693333333334,0.578939
866493,1079957,0.903388,0.5237599
866429,1079800,0.9068405,0.70518625
861361,1074267,0.5690424489795919,0.65121055
866005,1079389,0.37413,0.63628346
866089,1079479,0.8583999999999999,0.5160517
865049,1078293,0.2845816666666666,0.62123597
859957,1072685,1.0,0.59398425
865626,1078896,0.6693909722222222,0.66598743
865653,1040944,0.8801659824046921,0.71264046
865576,1078796,0.29468333333333335,0.690177
865544,1078861,0.6865525,0.5995424
865503,1078817,0.8933066666666667,0.7283627
865436,1078701,0.6666,0.5340991
864185,1077349,0.6313083333333334,0.6262047
864299,1077517,0.7784436578171091,0.65263224
865167,1078418,0.25131250000000005,0.63877565
864417,1077639,0.06591388888888888,0.5629209
865051,1078296,0.44763000000000003,0.6463753
865067,1078315,0.43086800000000003,0.6579882
864919,1078108,0.5488062499999999,0.65077597
864722,1077909,0.7528730769230769,0.61598444
863166,1076234,0.6798271317829457,0.62911797
864733,1077970,0.760312,0.6763265
864494,1077673,0.7445313333333333,0.62614393
864649,1077881,0.3534946153846154,0.5217481
864535,1077766,0.20706333333333335,0.6318534
864430,1077653,0.5011525179856116,0.6517022
864476,1077603,0.16886092715231782,0.69860333
845260,1056436,0.682702641509434,0.6225928
864177,1077339,0.9050758333333333,0.70498735
864057,1077267,0.43593785714285715,0.6131369
864103,1077261,0.7070821428571429,0.6319721
864121,1077282,0.626615,0.6060372
864060,1077270,0.1300666666666666,0.549064
864071,1077226,0.9295405555555555,0.6663857
863853,1077001,0.46389411764705885,0.68200064
859762,1072477,0.7300522058823529,0.6403925
863530,1076667,0.9270473333333332,0.5416733
851706,1063657,0.8876772602739726,0.6079837
853735,1065921,0.5103668181818182,0.689736
863350,1076475,0.7438446428571429,0.6462343
863292,1076413,0.16816733333333334,0.65854836
863241,1076363,0.57770625,0.561609
862295,1075379,0.7584691666666667,0.5631839
862933,1076042,0.5643438095238095,0.694786
862882,1075897,0.8934165000000001,0.69025695
862900,1075965,0.8599635,0.691929
862862,1075870,0.9125378571428572,0.6293305
862434,1075473,0.6416426666666666,0.59052205
862354,1075342,0.7261434210526316,0.49349126
862305,1075389,0.2553533333333334,0.68932134
854654,1066918,0.7580387640449439,0.6281464
862084,1075011,0.7019753787878789,0.67073053
831318,1040533,0.9228860635696822,0.7518253
859150,1071830,1.0,0.681185
861979,1074904,0.06662900000000009,0.66582626
861881,1074801,0.9496206666666667,0.6246614
861878,1074798,0.27541899999999997,0.5884761
861889,1074811,0.8599925925925926,0.6434479
840682,1051093,0.802851364365971,0.6955723
861671,1074586,0.8573757142857142,0.6933622
861496,1074403,0.5772129032258064,0.52115077
860856,1073722,0.597774,0.71700954
860817,1073632,0.7574347222222222,0.6954771
859060,1071736,0.23048388888888885,0.64757514
860745,1073567,0.9894855072463767,0.54416716
860654,1073471,0.5387062499999999,0.66658396
855255,1067567,0.9558280000000001,0.6934105
860452,1073315,0.90815,0.6087243
860324,1073130,0.8815958333333334,0.63746035
860335,1073143,0.31366099999999997,0.61044663
860255,1073007,0.585625,0.6625955
858042,1070572,0.9643496,0.690349
846152,1057490,0.5828907407407408,0.5732482
860071,1072800,0.6360855555555556,0.605076
859997,1072832,0.8820214814814815,0.68376184
859459,1072149,0.7692114285714285,0.6404937
859440,1072131,0.7842490476190476,0.74895746
858453,1071033,0.39323653846153844,0.5481355
858414,1070992,0.9444725,0.62790084
843143,1053896,0.2545958333333333,0.6016063
858390,1070966,0.5443342857142858,0.71050507
858255,1070819,0.19797272727272724,0.71935153
858164,1070316,0.9353302857142858,0.6947488
857865,1070376,0.5480313333333334,0.59694076
857618,1070102,0.49348933333333334,0.5968963
857547,1070018,0.96799625,0.7017497
857376,1069827,0.68980625,0.6542994
857274,1069717,0.7497250000000001,0.6088871
857264,1069706,0.9577844444444444,0.6843974
856675,1069060,0.8540675,0.61799264
856790,1012470,0.55605234375,0.6526014
856680,1069065,0.4048773333333333,0.6571678
856571,1068947,0.7890259090909091,0.6407759
856531,1068900,0.575811724137931,0.56863075
850095,1061880,0.8444692307692307,0.6152438
853176,1065333,0.9096466666666667,0.6291148
856070,1068377,0.8219152380952381,0.60097295
856073,1068380,0.7918430000000001,0.67384857
856059,1068365,0.5167276000000001,0.67194766
855995,1068300,0.9620201923076923,0.6593131
837067,1047171,0.12911874999999995,0.6939209
855019,1067313,0.8115393333333334,0.68757284
854888,1067174,0.3339873170731707,0.68541795
854864,1067145,0.8235866666666667,0.7230062
854486,1066735,0.82998375,0.59738046
813185,1020614,0.8417500860585198,0.55276364
836330,1046356,0.7883081632653062,0.5138615
854481,1066730,0.8182235294117647,0.49084
850595,1062436,0.9588180000000001,0.57753885
854379,1066621,0.908518,0.5691474
854297,1066534,0.6857742363877822,0.6145795
854240,1066474,0.4406033333333333,0.63896537
854208,1066441,0.8512740909090909,0.73525965
852787,1064904,0.9510120481927711,0.61015034
853896,1066088,0.40009375,0.5794148
853738,1065924,0.9809494186046512,0.7873919
853829,1066022,0.5944929824561404,0.5774121
853784,1065972,0.8059911111111111,0.57445115
853726,1065912,0.3147442857142857,0.62561107
848559,1060176,0.9626347560975609,0.58045244
853571,1065744,0.2513951742627346,0.54191184
853474,1065648,0.9767875,0.64978683
853406,1065574,0.484781,0.6143814
852973,1065114,0.48425214285714285,0.5656645
852879,1065011,0.9139700000000001,0.715206
852898,1065031,0.7156392,0.64413166
852809,1064929,0.9714778301886793,0.6537855
852703,1064814,0.49759166666666665,0.5861722
852632,1064738,0.614963076923077,0.57361865
851770,1063736,0.5891683333333334,0.8108612
852134,1064156,0.978608,0.70393187
844621,1055628,0.70513,0.6340936
851498,1063428,0.9797583333333334,0.71386254
851222,1063125,0.3006933333333333,0.5999937
851180,1063081,0.1918125,0.54396826
838602,1048698,0.5465885714285714,0.6021408
850116,1061904,0.745692,0.5382194
850713,1062556,0.9702674285714286,0.6920368
850711,1027955,0.9501445714285713,0.67700326
850652,1062497,0.40719285714285713,0.6073401
849154,1060851,0.3038666666666666,0.6552579
850331,1062145,0.6350436170212765,0.67480713
850158,1061953,0.49323409090909087,0.6127373
850126,1061914,0.3738238095238095,0.5631697
850106,1061893,0.13538867924528308,0.6083086
849996,1061773,0.6494800000000001,0.54201597
849761,1061500,0.95662,0.6337077
845275,1056453,0.2904461059190031,0.5821101
846396,1057787,0.29461166666666666,0.6331096
848794,1060448,0.7430599999999999,0.6768866
848702,1060344,0.3447813333333333,0.54153025
848658,1060292,0.8475216666666667,0.6709432
847900,1059447,0.06838999999999999,0.6906781
848509,1060121,0.62536,0.67598224
848386,1059988,0.962076,0.47587493
848406,1060010,0.58817,0.6461234
848389,1059994,0.77328,0.5930961
848273,1059862,0.8126746666666665,0.61512196
848303,1059893,0.9052680000000001,0.6005145
847836,1059380,0.4688580357142857,0.6451097
847866,1059410,0.5169695238095239,0.64413345
847789,1059333,0.6918523809523809,0.6059469
847773,1059311,0.4570058823529412,0.61086506
847715,1043713,0.67215,0.59905463
847623,1059142,0.8948053333333333,0.68452346
847552,1059058,0.9792750000000001,0.6762
847427,1058914,0.9384952741020794,0.66887856
847272,1058741,0.9222023809523809,0.62368315
847317,1058790,0.7953781818181818,0.51785266
847205,1058666,0.8111965,0.66036546
846511,1057909,0.8461470588235295,0.59204614
845927,1057232,0.8281143333333334,0.62984735
846913,1058348,0.9791266666666666,0.6714655
846710,1058128,0.920445,0.6681688
846484,1057880,0.588604761904762,0.6287847
846333,1057715,0.4369293333333334,0.5648331
844292,1055202,0.6901856998992951,0.6471823
846077,1057404,0.33147,0.656122
845476,1056678,0.834528,0.72996193
845741,1057016,0.285083125,0.64965373
842798,1053498,0.6023112970711297,0.5684251
845273,1056451,0.5347274999999999,0.5804468
845387,1039569,0.7682997142857142,0.6772945
845188,1056357,0.8815962500000001,0.5668617
845166,1056333,0.8043124137931035,0.6710667
845122,1056278,0.760375,0.5322471
812337,1019488,0.35847202472952083,0.7138518
844853,1055952,0.8194222222222223,0.609717
844824,1055910,0.308475,0.62764865
844784,1055851,0.769587,0.5715802
844375,1055299,0.9789153846153845,0.58356154
844298,1055209,0.49735999999999997,0.57374877
843646,1054455,0.534178,0.6722503
843653,1054463,0.4498776923076923,0.59805936
843590,1054396,0.85186,0.56366205
819977,1028154,0.17867826086956526,0.5700896
841642,1052217,0.7374175000000001,0.74395907
843219,1053988,0.48163539823008844,0.57193565
842469,1053152,0.6687033333333334,0.6151275
842643,1053332,0.74092,0.6319877
806604,1012801,0.5181667574931881,0.5611849
831420,1040641,0.8833724999999999,0.56481236
842558,1053242,0.77135234375,0.6065789
841822,1052414,0.9137059999999999,0.59109515
833135,1042684,0.520957,0.6321836
842083,1052700,0.524821978021978,0.63468724
828375,1037398,0.2041366666666666,0.6142499
841932,1052529,0.4182983333333333,0.47653008
841749,1052330,0.6171599999999999,0.60896885
841453,1052009,0.76764375,0.6485196
841266,1051800,0.5411521428571429,0.64133793
841309,1051848,0.5701548387096774,0.60074264
841046,1051557,0.3398347222222223,0.5437556
841014,1051518,0.25286800000000004,0.5858681
840801,1051242,0.613215625,0.5173529
840762,1051192,0.27341938775510205,0.5386347
839428,1049608,0.421915,0.56476283
840447,1050828,0.8196928571428571,0.65647066
840425,1050804,0.16789083333333338,0.57801056
840315,1050679,0.27282413793103455,0.6737112
840354,1050722,0.17356568047337279,0.53534806
840203,1050552,0.6575,0.60503244
840015,1050316,0.9370596252129472,0.6612752
839804,1050049,0.9766979166666666,0.42364728
836303,1046323,0.37430499999999994,0.54752433
839774,1050016,0.21941833333333338,0.58992106
839665,1049839,0.8373377777777777,0.6196779
839167,1049321,0.7424729999999999,0.6311304
839359,1049528,0.6419075000000001,0.630337
839338,1049506,0.15815714285714286,0.6889305
839162,1049316,0.5200499999999999,0.5869628
839042,1049178,0.9641233333333333,0.6017377
821466,1029820,0.49829166666666663,0.48384166
831814,1041129,0.7601314285714286,0.68003327
836157,1046168,0.8279896774193548,0.51405805
838776,1048894,0.3975253846153846,0.59538645
837318,1047442,0.6530516666666667,0.62151545
838512,1048610,0.15993571428571432,0.6057086
838560,1048664,0.8168166666666666,0.6159554
838158,1048219,0.7747206299212599,0.5509263
831407,1040627,0.9346344999999999,0.7369778
838140,1048200,0.4922764705882353,0.67033166
830870,1040048,0.871074,0.6469582
836842,1046927,0.18728583333333335,0.63060224
837813,1047868,0.30450200000000005,0.64608
837262,1047383,0.6794772727272727,0.5835828
837748,1047791,0.6863400000000001,0.5803113
837434,1023099,0.9579245000000001,0.60961366
837393,1047521,0.900116,0.5755158
837220,1047339,0.6788449999999999,0.6047299
837126,1047238,0.34427916666666664,0.5901364
837055,1047157,0.617225352112676,0.5176303
836877,1046965,0.33955687331536394,0.68259233
836948,1047042,0.8377771428571429,0.6330902
836872,1046958,1.0,0.635121
836839,1046923,0.5192620689655172,0.58220786
836646,1046714,0.4703097142857143,0.6781924
836641,1046707,0.40787999999999996,0.63959545
836483,1046530,0.06624799999999996,0.5845731
835894,1045887,0.9316553333333333,0.6244934
835682,1045654,0.7162928571428571,0.7270047
835523,1045471,0.8864166666666666,0.5822784
835498,1045438,0.7875116666666666,0.6294415
835172,1045085,0.9284783333333333,0.638937
835127,1045038,0.10305000000000003,0.56177664
835049,1044958,0.9482741232227488,0.7101668
834976,1044880,0.4877297142857143,0.66064155
834971,1044875,0.6939525,0.6067527
834642,1044515,0.8851800000000001,0.6222518
834578,1044442,0.34209239436619715,0.6934177
833345,1042928,0.48264166666666664,0.5902001
834431,1044275,0.968121794871795,0.6577784
834286,1044115,0.43174777777777773,0.56952477
834279,1044108,0.6347157232704402,0.6358647
822981,1031510,0.843941224489796,0.6830466
829918,1039051,0.5902000000000001,0.6400676
833971,1043707,0.5543242857142857,0.65177375
833208,1042766,0.6970225165562914,0.65171856
822924,1031445,0.9345546848381602,0.7323661
833889,1043614,0.9189246666666666,0.5777367
805015,1010970,0.8444046875000001,0.6822703
830830,1040004,0.44934114285714283,0.6470371
833116,1042667,0.5028704918032787,0.61081696
832861,1042362,0.2671807692307693,0.6063167
832777,1042263,0.34131459459459457,0.601923
832765,1042198,0.940273086419753,0.7550578
820650,1028886,0.8020755,0.63700914
832734,1042164,0.1499661538461538,0.556394
832729,1042159,0.8810366666666667,0.6477081
832517,1041922,0.819916,0.5387015
832490,1041891,0.9407028571428571,0.7231563
832409,1041792,0.8525495999999999,0.6534014
832304,1041666,0.43308,0.5760112
827937,1036934,0.34363583333333336,0.68777806
832084,1041423,0.3805734104046243,0.56963813
802349,1007995,0.7323219512195122,0.63418496
831660,1040911,0.2547575,0.6236044
831682,1040938,0.6598980000000001,0.60125357
829148,1038236,0.8719487481590574,0.60216975
831452,1040676,0.9199928571428572,0.6597712
831404,1040624,0.9248204347826087,0.6178657
831049,1040247,0.8566050000000001,0.6490307
831169,1040375,0.5780818181818181,0.5609717
831100,1040301,0.9413874396135267,0.74335074
831050,1040248,0.746285,0.76505065
829797,1038921,0.3408856481481481,0.66193855
831010,1040206,0.829232,0.72799444
830920,1040105,0.8217553846153846,0.5791496
830728,1039893,0.6928816753926702,0.55965734
830782,1039955,0.8939185,0.7130902
830683,1039840,0.5081625000000001,0.59589374
830133,1039280,0.7931239024390244,0.60546446
830053,1039193,0.976785,0.58419675
830027,1039166,0.1886085578446909,0.645596
826310,1035176,0.5171219387755102,0.7015978
829932,1039065,0.6107041666666667,0.57735485
829887,1039016,0.49953058823529417,0.65511787
829893,1039022,0.8926623876765083,0.7184559
829468,1038573,0.7360380769230769,0.67608684
812120,1019248,0.9038475,0.64317703
829429,1038532,0.859245,0.67480284
829308,1038407,0.6408440000000001,0.69990283
829020,1038100,0.7554585365853659,0.6173561
828449,1037476,0.7090603773584906,0.61302835
828254,1037270,0.23212000000000005,0.6558595
828169,1037178,0.6335008,0.5682319
828007,1037008,0.9899973214285713,0.5715259
827419,1036373,0.8457966666666666,0.6814906
826922,1035835,0.7977133333333334,0.6004056
827024,1035945,0.9789207547169811,0.6458344
826990,1035911,0.7381316455696203,0.70790875
818370,1026296,0.9566480446927375,0.7289676
826293,1035159,0.8850285714285715,0.6685595
824609,1033342,0.778885,0.7109754
826509,1035384,0.40674666666666665,0.6757586
826126,1034976,0.5014015748031496,0.59012604
825911,1034745,0.8699451612903225,0.64944106
825869,1019463,0.7401416000000001,0.6993923
825826,1034654,0.9233618181818182,0.565383
823772,1032363,0.918133,0.70944613
825649,1034459,0.9894850000000001,0.67306834
767458,968539,0.8600888235294117,0.6087861
825408,1034193,0.04025,0.78495556
825332,1034108,0.766618,0.56026024
825223,1033990,0.86961,0.5642325
825164,1033927,0.9717394690265486,0.6632379
823133,1031673,0.5870657142857143,0.6160479
824978,1033736,0.6959604838709678,0.6198912
822740,1031201,0.344466,0.6977677
824259,1032911,0.800192131147541,0.61161196
824151,1032786,0.6922499999999999,0.713169
822325,1030753,0.4009933333333333,0.4863537
823925,1032527,0.8738250000000001,0.71020293
823357,1031920,0.8644177777777778,0.61714816
823851,1032447,0.7855166666666668,0.5900014
823833,1032428,0.7602869999999999,0.6676253
823806,1032397,0.9164902887139107,0.6926856
823755,1032344,0.8209757142857144,0.696564
823671,1032254,0.4437108571428572,0.73362815
823490,1032063,0.589229003021148,0.6613239
823368,1031931,0.8181321428571429,0.5861264
823151,1031692,0.9500452205882353,0.787878
822173,1030591,0.9100648571428571,0.68840736
822908,1031426,0.82974,0.59407914
822778,1031248,0.8642791666666667,0.653414
822688,1031137,0.9273948,0.6670491
822649,1031099,0.81723,0.7333556
815728,1023406,0.7141985714285715,0.6113708
822556,1031000,0.8628416666666667,0.63503075
822548,1030988,0.9126816666666667,0.7110483
822138,1030552,0.6343884892086331,0.6025081
822504,1030946,0.36074406779661017,0.67175174
822314,1030742,0.988424,0.6215524
822193,1030614,0.9774200000000001,0.70140266
794885,999553,0.8550411764705882,0.5677416
821953,1030350,0.7035968750000001,0.61240983
821943,1030340,0.456416,0.64171904
821866,1012836,0.8138933333333334,0.5982993
821564,1029915,1.0,0.63521785
821507,1029869,0.9541185714285714,0.55423105
821459,1029811,0.4175059760956175,0.6137557
772417,974348,0.8281078571428572,0.5998617
821334,1029670,0.9452089552238806,0.62545943
820648,1028883,0.7215774117647059,0.66079396
820959,1029212,0.5172214285714285,0.49081603
820930,1029183,0.82515,0.6991216
820963,1029216,0.012559999999999946,0.68833584
820653,1028889,0.3924442857142857,0.60680676
820530,1028762,0.9781305555555555,0.5560709
820491,1028718,0.21581199999999998,0.615063
820480,1028705,0.34413055555555555,0.52828324
820425,1028646,0.9704246153846154,0.53991085
820386,1028607,0.8777318181818181,0.62726414
788425,992125,0.5478263736263735,0.6338597
820115,1028310,0.3742485714285714,0.53263617
820067,1028256,0.9781195652173914,0.6295838
820039,1028226,0.3300032258064517,0.5935559
819741,1027891,0.41981599999999997,0.60400444
819422,1027530,0.6240626666666665,0.6329755
819404,1027507,0.9805296000000001,0.7869541
819322,1027408,0.7220906666666667,0.6115505
815482,1023147,0.9264576344086021,0.58312184
819005,1027050,0.9133416666666666,0.8375068
818925,1026961,0.67564625,0.5794345
818556,1026514,0.7678969999999999,0.5965545
814188,1021687,0.214784,0.5840201
817953,1025848,0.7139415,0.69884115
817882,1025768,0.9543803636363636,0.70245385
817797,1025671,0.45191800000000004,0.61883634
813815,1021289,0.6211214285714286,0.54435915
817676,1025539,0.8060708708708708,0.57363707
817580,1025434,0.8521033333333333,0.6255793
817000,1024785,0.14777250000000003,0.774348
816351,1024078,0.9805333333333333,0.5786238
816414,1024145,0.21375370919881306,0.6985119
816395,1024125,0.4384588235294118,0.62349766
803924,1009735,0.6735852173913043,0.49575838
816354,1024081,0.8862511961722489,0.6160963
759210,959441,0.8809266666666666,0.58816266
816175,1023880,0.7693791666666666,0.61018485
816061,1023782,0.6966142857142856,0.6433331
811045,1018017,0.39287,0.65147513
797241,1002189,0.25780999999999993,0.5074539
807095,1013605,0.40481666666666666,0.63154393
815479,1023144,0.8637953846153846,0.6257797
815431,1023089,0.8197867418899859,0.66521937
815104,1022702,0.9779479999999999,0.62644064
815170,1015311,0.8453895833333334,0.6468628
804226,1010068,0.3303806666666666,0.6631201
814939,1022518,0.8807791666666667,0.51951796
814816,1022376,0.84001484375,0.70787776
814629,1022159,0.06566999999999996,0.5461437
814509,1022023,0.736381884057971,0.6315324
814512,1022026,0.43734500000000004,0.7822935
814375,1021886,0.3347828571428571,0.6886121
814318,1021821,0.19365600000000005,0.4880099
780717,983521,0.49375916666666664,0.5389054
814124,1021618,0.40188849557522127,0.561547
813780,1021255,0.9585458333333333,0.5762142
813908,1021386,1.0,0.55105215
813926,1021405,0.49741346153846155,0.6167608
813796,1021270,0.49427012987012986,0.43148118
813725,1021198,0.835046,0.5755357
812571,1019739,0.8927789830508475,0.71782315
813082,1020451,0.2834306666666666,0.6923768
812949,1020250,0.8691331250000001,0.60992706
812628,1019801,1.0,0.7330023
810372,1017274,0.33507428571428577,0.65519595
812619,1019782,0.8771577777777778,0.68974704
812577,1019745,0.6228094562647755,0.6947064
808799,1015560,0.8995667031763418,0.728603
812459,1019620,0.6269833333333333,0.587426
812452,1019611,0.7784704724409449,0.68484586
812407,1019563,0.9811723214285714,0.6741886
812202,1019344,0.2353255006675567,0.6443699
812086,1019206,0.6796859934853421,0.61702853
809380,1016188,0.5800244444444443,0.5430356
811913,1019005,0.54338,0.6233407
811513,1018553,0.7739482889733841,0.5847918
801277,1006833,0.9276553846153845,0.6502552
811348,1018364,0.22391999999999998,0.6736161
810669,1017613,0.5901266832917706,0.6224764
810987,1017953,0.41673699999999997,0.6151188
810895,1017853,0.19100625,0.47713858
810683,1017629,0.928286013986014,0.7461686
810587,1017519,0.9152920000000001,0.66446054
809236,1016034,0.8922665132336017,0.6059851
810251,1017147,0.711210625,0.54712987
810326,1017223,0.7855129166666667,0.7229475
810303,1017200,0.4923733333333333,0.6095232
810256,998632,0.4920228571428571,0.56567115
810093,1016982,0.5008473684210526,0.56829387
810122,1017012,0.48648900000000006,0.5983046
810107,999775,0.48710228571428577,0.6415393
809503,1016334,0.4033671428571428,0.69833905
810047,1016934,0.42765600000000004,0.67009425
809934,1016807,0.7813404295051354,0.6019925
806018,1012172,0.312785,0.6629297
809776,1016633,0.3218020979020979,0.62726724
809611,1016456,1.0,0.61536133
806491,1012677,0.8352507795100224,0.60657066
809298,1016103,0.5531522776572668,0.5222136
809364,1016171,0.692006035665295,0.5589385
809321,1016128,0.8261333333333334,0.6321819
809235,1016031,0.24995892857142865,0.64149004
809149,1015938,0.3738735714285714,0.63762087
807799,1014412,0.788086875,0.6400453
809076,1015859,0.09764476190476194,0.6362111
809003,1015779,0.7655158333333334,0.5795214
808985,1015762,0.37307708333333334,0.6549062
777395,979876,0.9517374392220421,0.5790657
734373,930884,0.6341457142857143,0.5730171
808649,1015397,0.7868925,0.6156645
807523,1014114,0.35842437086092716,0.61066765
808659,1015406,0.7198208333333334,0.6302662
808650,1009093,0.27723125000000004,0.6319703
808070,1014719,0.6897800000000001,0.6916916
808459,1015190,0.8985036190476191,0.56222886
808311,1015033,0.9497846153846154,0.56224877
808321,1015044,0.72649,0.5851469
808071,1014720,0.7900999999999999,0.6413405
808039,1014680,0.7608046204620462,0.65746427
808022,1014653,0.16832666666666668,0.5801091
808015,1014654,0.410915,0.5699138
807954,1001412,0.8875351851851851,0.65940446
805279,1011280,0.9576370370370371,0.6273895
807350,1013916,0.5334474358974358,0.60852027
807513,1014102,0.9528158333333334,0.5827906
807500,1014087,0.9391927272727273,0.6256618
807184,1013713,0.4435223529411764,0.60209364
807187,1013717,1.0,0.5616341
807142,987655,0.9069791610284167,0.7154246
805775,1011856,0.7438728571428571,0.6562786
807005,1013444,0.8016979332273451,0.6903484
806989,1013424,0.22876300000000002,0.60460657
806960,1013387,0.7315139999999999,0.6008299
806925,1013337,0.6146628571428572,0.6298896
806804,1013181,0.3577033333333333,0.58896524
806771,1013140,0.5341006666666667,0.6949399
806250,1012418,0.4769333333333333,0.62423486
806221,1012387,0.2846817391304348,0.5667041
806164,1012327,0.8898185185185186,0.728575
806126,1012289,0.3341180952380952,0.6746717
784517,987738,0.6339089655172414,0.6500182
805889,1012034,0.722938,0.58254904
805378,1011398,0.557742,0.68056285
805342,1011353,0.8405066666666666,0.6073154
805295,1011301,0.8604030769230769,0.567152
805227,1011222,0.7447175,0.49577188
805134,1011118,0.8412405882352941,0.606115
804959,1010902,0.8454116666666667,0.6131969
804949,1010890,0.3724156862745098,0.51796806
804567,1010459,0.8315923076923077,0.56115794
804512,1010400,1.0,0.5602999
804186,1010024,0.8540107142857143,0.6624717
804073,1009899,0.9620133333333333,0.57391995
803805,1009603,0.9721175,0.6440223
794101,998689,0.8554282208588956,0.64740044
803612,1009394,0.14917999999999992,0.6480611
803572,1009346,0.7570250000000001,0.61210394
803294,1009043,0.7615531034482758,0.62928003
798434,1003556,0.989886,0.6456045
803178,1008916,0.875882546201232,0.5735283
803056,1008786,0.7978933901918976,0.60102624
802988,1008708,0.87978,0.60727996
802950,1008665,0.6098016,0.72620296
802936,1008648,0.47958944444444446,0.657417
802767,1008453,0.28143124999999997,0.5414108
802401,1008051,0.6022574285714286,0.65259236
802536,1008200,0.3128035164835165,0.5939267
802068,1007691,0.18628249999999996,0.724013
802348,1007994,0.83187,0.59729314
801027,1006571,0.07671133333333334,0.6350584
801934,1007553,0.6567250859106529,0.7592361
798764,1003904,0.28482250000000003,0.5734479
801448,1007024,0.7283791666666666,0.5750809
801670,1007270,0.9064808333333334,0.65900457
801412,1006985,0.53478125,0.70111567
801461,1007039,0.8978374842767296,0.684475
801181,1006737,0.3727289340101523,0.57670057
801361,1006929,0.19094411764705885,0.5504908
801322,1006887,0.6469175,0.64678425
790736,994941,0.9766766635426428,0.6865923
801117,1006664,0.7307,0.6286916
801124,989675,0.7545601851851852,0.6420773
801055,1006602,0.8287613333333333,0.5556582
799313,1004489,0.44067407407407405,0.636897
800239,1005509,0.534596,0.62227345
798511,1003636,0.9427933333333333,0.66036993
799994,1005246,0.60521875,0.5746212
799871,1005114,0.6742266666666666,0.58719313
799768,1004996,0.5277233766233766,0.5913951
792800,997247,0.9231644933228593,0.71013695
799617,1004825,0.6158600000000001,0.53718716
798802,1003945,0.701603785488959,0.5698048
799024,1004182,0.42883000000000004,0.59671235
799426,1004618,0.7484780000000001,0.7131602
799271,1004445,0.9186686274509803,0.6997069
799168,1004335,0.8538450331125828,0.6443221
799061,1004221,0.4321263940520446,0.5611453
798961,1004114,0.7660372372372373,0.62814844
798976,1004133,0.381888,0.60906434
798828,1003972,0.4164583333333333,0.6183845
798762,1003902,0.5608895833333333,0.683723
798731,1003870,0.9775608108108108,0.62695307
798584,1003716,0.5128250000000001,0.5869583
798595,1003728,0.9755291666666667,0.55199045
797684,1002709,0.930183,0.69492894
785621,988947,0.4910003333333333,0.6485386
798247,1003356,0.7090044444444444,0.67558986
797424,1002395,0.7390277777777777,0.6012931
797871,1002921,0.37291625,0.6237338
797948,1003008,0.29048008008008014,0.7152193
797544,1002544,0.72987,0.6016203
797340,1002300,0.17364600000000002,0.6840358
797250,1002198,0.5860916666666667,0.6920932
793842,998389,0.8996212962962963,0.70419866
797111,1002039,0.6245450000000001,0.63561285
789281,993146,0.7097132743362833,0.63413674
794690,999340,0.8084417391304348,0.6180222
796707,1001579,0.798525,0.6548655
770293,971910,0.6996043750000001,0.7375845
796676,1001541,0.543093370944993,0.6152237
773063,975074,0.8577448571428571,0.5489506
796431,1001279,0.9553016000000001,0.61460173
796350,1001192,0.8801147540983607,0.69044846
796137,1000900,0.8590066666666667,0.49568322
796094,1000853,0.5833968749999999,0.6245456
796092,1000850,0.7379033962264151,0.69865555
794680,999330,0.7917966666666666,0.62931204
796034,1000788,0.37312,0.60801667
796024,1000777,0.06567000000000008,0.61867046
795509,1000250,0.825633,0.5579537
795570,1000316,0.378105,0.6867068
795539,1000281,0.6574516129032258,0.65246296
795498,1000233,0.75715,0.60759383
795467,1000206,0.8785367647058824,0.56855613
795461,1000199,0.03746333333333329,0.56586266
795448,1000179,0.4089890909090909,0.5671507
795056,999749,0.8008433333333332,0.6641261
794922,999592,0.2220553483807655,0.78467584
794889,999557,0.5594861788617886,0.6086671
794666,999314,0.445333,0.6196879
794456,999081,0.9626533333333334,0.53617024
794397,999017,0.3818626666666667,0.57530946
794254,998860,0.642092,0.560606
794252,998862,0.6869071428571429,0.6861176
794020,998593,0.9643752265861028,0.5592461
794050,998628,0.5694466666666667,0.6125098
793962,998523,0.8875866666666667,0.69556636
793954,998510,0.2572653895274585,0.6046534
793722,998256,0.7553139999999999,0.6165991
793772,998309,0.34906000000000004,0.5967908
793653,998182,0.28530247933884295,0.5547331
793575,998096,0.8033384615384616,0.60756177
793534,998053,0.7499793510324484,0.6525213
793512,998030,0.60835,0.5949395
793449,997963,0.4172466666666667,0.5791802
793285,997783,0.07838333333333329,0.6911769
793134,997610,0.9277771428571429,0.5895562
788280,991953,0.5933464212678936,0.64633673
791809,996169,0.7796714285714286,0.5836384
792555,996981,1.0,0.57462084
792865,997319,0.48666000000000004,0.8270696
792768,997213,0.9309667857142857,0.6232606
792691,997131,0.840678,0.5731439
792414,993994,0.0304277551020408,0.49543515
792193,996596,0.409788,0.6264985
792034,996421,0.67466,0.6869638
792146,996544,0.917745,0.6548558
792036,996420,0.9743401785714286,0.72151995
792011,996396,0.154006,0.60380906
787174,990686,0.7116167300380228,0.6409494
791842,996205,0.3950714285714286,0.52844447
791741,996093,0.5536111111111112,0.6003066
791736,996088,0.9314899999999999,0.68825096
775996,978302,0.5523766666666667,0.6692328
791139,995412,0.6547937500000001,0.63649637
791037,995287,0.03256779661016943,0.51931524
790956,995195,0.2926123076923076,0.54797506
790863,995087,0.862808,0.6189977
790666,994843,0.70070375,0.6527194
790556,994712,0.6464840000000001,0.7291265
790213,994301,0.45751384615384616,0.4593436
790337,994449,0.8501416666666667,0.64074147
790302,994405,0.8845000000000001,0.64604247
790125,994204,0.565959595959596,0.5938716
789842,993818,0.545018,0.60139173
789742,993703,0.349385,0.64408994
780273,983049,0.9881151648351648,0.65708864
789502,993415,0.7015984615384616,0.6523397
789015,992835,0.44846500000000006,0.6142421
785745,989086,0.4403309090909091,0.55981
788234,991894,0.3204833333333334,0.63713366
788842,992634,0.957815,0.70068663
788890,975813,0.374079,0.6874182
788815,992603,0.37033000000000005,0.5677748
784401,987611,0.5598266666666667,0.6089821
780491,983279,0.45529200000000003,0.58244663
788458,992162,0.8262143931256712,0.6466997
788376,992058,0.8361203980099503,0.674249
788322,992001,0.6788844444444444,0.5275306
787951,991573,0.6772821164021164,0.5823927
787860,991463,0.44385714285714284,0.66795254
787712,991294,0.7446664968152866,0.7624522
787280,990803,0.8636,0.62775904
787262,990783,0.9275658823529411,0.7591075
787226,990741,0.9246266666666667,0.6017984
787093,990597,0.22858375,0.512717
787056,990555,0.13511647727272724,0.62884444
786991,990485,0.6963673333333333,0.60066736
786973,990462,0.704508864696734,0.6320078
786940,990424,0.17302399999999998,0.5348721
785219,988495,0.4565533333333333,0.5853081
786018,989377,0.19756885714285713,0.6510006
786376,989760,0.9766842857142857,0.5663103
785937,989289,0.7092170854271357,0.59043
785765,989107,0.3080223602484472,0.544097
771090,972827,0.8418716666666666,0.6668306
785197,988471,0.7993300000000001,0.550994
785069,988336,0.6964579999999999,0.62644404
783200,986284,0.6666542635658915,0.6601279
785053,988320,0.6090426470588235,0.62405175
784918,988173,0.593988,0.574279
784764,988011,0.939103,0.5390695
784643,987872,0.3248363636363636,0.59010726
784580,987808,0.64686,0.5367238
784434,987646,0.633476,0.6514292
780946,983762,0.810426,0.55778533
782699,985714,0.8034923611111112,0.56829906
784060,987234,0.5899035714285714,0.62753
783962,987126,0.93296875,0.58044803
783561,986688,0.8232566666666666,0.5234504
783326,986429,0.9524965517241379,0.48199353
783173,986255,0.6227966666666667,0.7017796
783020,986090,0.9477533333333334,0.65618217
782425,985412,0.6697291666666666,0.5853748
782727,985745,0.935545896656535,0.6860515
782387,985372,0.5406645833333333,0.67654854
782572,985575,0.24776087636932706,0.6622151
782531,985527,0.9626641509433962,0.63030815
739203,936757,0.91438,0.58629394
777608,980124,0.16459285714285718,0.60260284
781775,984692,0.8845755952380951,0.64469486
782177,985126,0.7475447004608295,0.6682309
782162,985109,0.1492711462450593,0.6612244
782129,985073,0.6797453093812375,0.6853545
779779,982539,0.5850791666666667,0.56111246
782043,984979,0.43737700000000007,0.6914928
778627,981235,0.3597910714285714,0.59137213
781514,984368,0.772519368723099,0.6444279
781407,984254,0.48807085714285714,0.7187768
781360,984203,0.723006875,0.66013485
741724,939706,0.912398253275109,0.64364
774690,976878,0.8839675,0.770895
780992,967089,0.8094057937427578,0.68641585
780910,983723,0.9349583333333333,0.5960538
780798,983606,0.816718,0.5784634
780636,983434,0.6969702564102565,0.79481626
779365,982044,0.72598375,0.64863765
768835,970217,0.743576349614396,0.6411513
778770,981399,0.933204,0.65164703
779894,982660,0.7719842487046632,0.6884976
779667,982420,0.43991833333333336,0.6095334
774335,976503,0.7266638596491227,0.63866556
779487,982229,0.9444400000000001,0.7038193
778955,981610,0.9792825000000001,0.59431684
779432,982167,0.5951035,0.6021591
778768,981396,0.5316255555555556,0.55820686
779326,982002,0.7627121951219512,0.58457506
779278,981945,0.38361562499999996,0.61831355
779062,981724,0.6595384615384615,0.6216601
776394,978740,0.45535666666666663,0.6883072
778997,981657,0.8882229166666668,0.56994575
778974,981631,0.7036208695652173,0.6351627
778837,981483,0.9080977272727273,0.5889205
771198,972947,0.5638675,0.6525633
766990,968023,0.5927819047619047,0.63080823
778440,980988,0.8367316666666668,0.6539412
778478,981026,0.8757914191419142,0.67816955
778280,980822,0.9487135,0.6164057
750374,949710,0.760694375,0.6077111
778203,953092,0.8404756,0.65528226
778167,980710,0.41526153846153846,0.6432222
777801,980327,1.0,0.56680816
777849,980377,0.460633,0.5985789
777854,980382,0.8671484444444445,0.65208375
775388,977637,0.49323345111896344,0.6658581
777826,962532,0.791965,0.65939844
777771,980295,0.5590990502035278,0.6739066
777763,980287,0.0976064,0.61878884
777710,980233,0.897775,0.46485826
777661,980181,0.8673320754716981,0.5713943
419640,492484,0.2510047930283225,0.5394383
751329,950769,0.502488,0.6816167
777541,980049,0.3972406666666667,0.6415166
777519,980021,0.17093499999999995,0.61387044
777340,979818,0.9675376205787781,0.66804683
777252,979722,0.7672868181818182,0.6910318
777226,979690,0.8866483333333334,0.5998166
775556,977818,0.6431041666666667,0.5894898
776948,979374,0.6583675000000001,0.5696583
776221,978546,0.7052107142857144,0.6724583
776019,978327,0.8256895833333333,0.6584811
776021,978330,0.299795,0.6635961
775726,962280,0.7641864,0.65085256
775712,977986,0.826999090909091,0.7067975
775634,977901,0.809765238095238,0.7470011
775551,977813,0.4976425,0.63914686
774171,976325,0.43679647058823534,0.59167993
775378,977625,0.22953,0.55447894
762932,963499,0.23818777777777772,0.5785601
775020,977241,0.5032642857142857,0.5548013
774919,977134,0.8657985714285714,0.61269337
772043,973887,0.6013314285714285,0.47980496
774836,977043,0.8979822050290135,0.5913941
774758,976954,0.907259574468085,0.6365952
774609,976794,0.9011794871794871,0.5604212
774573,976757,0.22363830985915492,0.6291279
774455,976630,0.794515,0.7607553
773935,976023,0.456054,0.6441875
774454,962218,0.970871724137931,0.66021585
774290,976453,0.8230817591925018,0.5538923
772732,974723,1.0,0.6830097
774216,976377,0.6964816666666668,0.6480951
773926,976015,0.582155,0.48348403
774066,976166,0.25483928571428566,0.5560064
771972,973801,0.86222,0.6536391
773791,959602,0.988659375,0.68012655
773414,975456,0.8093183333333334,0.59787846
773111,975126,0.2156583333333333,0.55486995
773092,975107,0.42819500000000005,0.70146245
772827,974819,0.7590915,0.6626551
772782,974777,1.0,0.60404146
769636,971125,0.9788714285714286,0.6326919
772516,974451,0.8198761111111111,0.648062
772326,974247,0.5206596428571428,0.67586166
772405,974334,0.12032828571428576,0.64722204
771171,972916,0.55552,0.69756764
772290,974209,0.544725,0.558718
772112,974013,0.8382990901571546,0.7106612
770836,972551,0.5931441558441558,0.6500163
765661,966584,0.8821738095238095,0.64170367
771730,973541,0.93186,0.68964756
769906,971436,0.26304583333333337,0.6848001
771377,973143,0.48365600000000003,0.6616226
771451,973225,0.6150860215053764,0.55133647
769763,971274,0.9114093750000001,0.6317826
771304,973062,0.6707620493358635,0.60076857
770980,972712,0.8729456521739131,0.65036803
737936,935204,0.8785152777777778,0.6640866
770892,972614,0.44521547619047624,0.66724294
770865,972584,0.47436222222222224,0.6111496
770819,972531,0.7038983333333334,0.5754264
770669,972372,0.7217,0.7209758
770284,971900,0.862485625,0.5853966
770177,971772,0.96721,0.6428666
767988,969188,0.84478,0.5234121
769930,971462,0.7956783333333333,0.65278935
769744,971249,0.8547299539170506,0.63604695
769818,971335,0.2527483333333333,0.6239677
769795,971308,0.7172935294117647,0.57710433
769803,971316,0.27450322580645165,0.52422005
768995,970401,0.9520374193548387,0.5696949
769706,944637,0.719212,0.6644584
768277,969507,0.7148823315118398,0.6408505
769643,971131,0.7277756457564576,0.59762466
769491,970957,0.6678251748251748,0.6882524
769325,970779,0.6902185365853658,0.587724
769206,970648,0.35248,0.62855667
767654,968804,0.9457703125000001,0.6137718
733448,929814,0.21534351851851843,0.5227669
768963,954342,1.0,0.6620793
768946,970346,0.37971000000000005,0.6248012
767989,969189,0.9210227777777777,0.69876885
768524,969835,0.4431770491803279,0.5614232
768552,946713,0.94016,0.6847869
768414,969718,0.5355885416666666,0.5846832
768276,969506,0.7070416666666667,0.64148617
768334,969624,0.2480536136662286,0.6703935
768335,969625,0.9328050000000001,0.73504263
768313,969598,0.7207366666666667,0.6688017
732882,929137,0.6941849999999999,0.5886815
767583,968727,0.59458,0.63875437
768189,969413,0.7946902584493042,0.6461751
767790,968951,0.811524,0.64789516
760863,961185,0.5890925,0.5528218
764963,965764,0.4882666666666667,0.6024198
767902,969078,0.7817016666666666,0.56817013
767286,968352,0.3250885714285714,0.6963621
764985,965800,0.857146875,0.67881066
767757,968914,0.5404914285714286,0.52527297
767687,968834,0.44329846153846153,0.6949488
767584,968729,0.7980818749999999,0.6173165
767358,968430,0.5848888888888889,0.5751848
766830,967860,0.902646,0.62083405
764940,965720,0.7640788000000001,0.6405483
765474,966366,0.85800523138833,0.69187635
766608,967624,0.418265625,0.6183462
766593,967609,0.7736376666666667,0.65871274
766515,967527,0.37323555555555554,0.8446422
759192,959422,0.670716,0.64887583
766293,967285,0.9049200000000001,0.6248002
766091,967062,0.6698506666666667,0.6210648
765763,966698,0.59741,0.63523066
766128,967105,0.8484728,0.5653547
765813,966756,0.9328628571428571,0.59557897
765694,966621,0.87951,0.63268656
765479,966373,0.742835,0.6066586
765440,966322,0.3150333333333334,0.58859664
765368,966239,0.28571333333333326,0.59487885
763601,964236,0.43203499999999995,0.47865015
765094,965927,0.8299588888888889,0.6802597
765039,965865,0.699483,0.6109089
765022,965846,0.4730643243243243,0.6302344
760519,960795,0.779233,0.6477206
763325,963887,0.9787899999999999,0.6312216
764483,965214,0.9438547619047619,0.55429703
764376,965089,0.885144,0.677752
764332,965042,0.24348884381338742,0.6226283
764228,964919,0.6047772222222222,0.6643552
764124,964804,0.3411122676579925,0.6134183
754158,953864,0.6706833333333333,0.6669773
763907,964574,0.8887386666666667,0.62476873
763883,964547,0.9143758823529411,0.70721585
763723,964373,0.9498540000000001,0.564936
763753,964406,0.8632566666666667,0.6353513
763665,964307,0.9491055555555556,0.61332345
763547,964175,0.925486,0.6708315
763401,964017,0.7481000000000001,0.64716136
763314,963875,0.2772181818181818,0.5284621
763274,963835,0.807845,0.67590255
763283,963843,0.8588255555555556,0.56588906
763067,963641,0.9620608695652173,0.53717214
761753,962229,0.6154775,0.738852
762895,963461,0.87181375,0.5871809
760164,960423,0.9014253807106599,0.66099155
762735,963286,0.8405333333333334,0.60329646
762630,963168,1.0,0.63420177
762590,963125,0.8038666666666666,0.58827364
757754,957829,0.7694486666666667,0.6336022
762317,931060,0.7786812386156649,0.6752219
762147,962650,0.364939393939394,0.53332806
762087,962584,0.49584464285714286,0.57315737
745255,943814,0.7552627272727273,0.7767407
758528,958699,0.6051333333333333,0.6557095
761924,962411,0.8816,0.605111
761855,962338,0.31730249999999993,0.56875783
761781,962259,0.4031363636363637,0.5899827
761798,962276,0.20207400000000003,0.6960638
632417,810160,0.9061222857142857,0.6615654
761733,962208,0.12260100000000002,0.6371064
761604,962078,0.517290909090909,0.6133577
761566,962036,0.5674756363636364,0.6200799
741982,939986,0.2260741721854304,0.6115199
761214,961619,0.32724499999999995,0.58204836
756117,956029,0.8726776470588236,0.6538369
761003,929764,0.2638555,0.6460154
760029,960305,0.20372500000000007,0.6693298
751937,951459,0.4924764705882353,0.67655987
760488,960764,0.1324448377581121,0.6295974
752742,952345,0.14877343749999994,0.5433429
760011,960286,0.7450937500000001,0.56623036
759675,959931,0.9906725000000001,0.66507536
759923,960194,0.738232531280077,0.67418945
759566,959815,0.20932266666666668,0.58848614
759551,959800,0.6923666666666667,0.6080484
759467,959712,0.8302421052631579,0.7120128
749604,948852,0.9785426666666667,0.6158841
759372,932652,1.0,0.7325517
759306,959539,0.6428481818181818,0.61616474
759223,959456,0.28913625000000004,0.5898988
756112,956024,0.58027875,0.6150518
759102,959329,0.686180625,0.6468432
758440,958602,0.8069962864721486,0.7032462
758813,959019,1.0,0.555696
757740,957815,0.7364333333333334,0.5979684
758672,958862,0.9788607142857142,0.68571395
758597,958775,0.8528270833333333,0.5884124
758592,958769,0.8122655,0.73941386
755139,954929,0.97915,0.5190232
758321,958473,0.4173310810810811,0.6087091
758319,958470,0.835218,0.64360875
755887,955770,0.772,0.630294
758131,958255,0.9604106280193236,0.6799574
757964,958070,0.718938,0.69982934
757943,958046,0.6951124999999999,0.59763664
757221,957243,0.9131312500000001,0.679263
756713,956672,0.7992356687898089,0.68538857
757039,957027,0.76336,0.55695987
756928,956904,0.5338916666666667,0.61795866
756802,956770,0.8811714285714286,0.5422623
755983,955882,0.6426993333333333,0.7040435
756472,956419,0.8982555555555556,0.5455249
756402,956344,0.12774166666666664,0.5806097
756045,955950,0.7994722222222223,0.5035718
597140,766482,0.8601906458797327,0.63746727
755904,955789,0.37838750000000004,0.6083815
746279,944990,0.7921699999999999,0.62219244
755817,955696,0.559776,0.628499
755784,955659,0.6942433333333333,0.49949127
755649,955513,0.7110033333333334,0.5974486
755651,955515,0.4163866666666667,0.64087653
755635,955498,0.7747133333333334,0.5928934
755563,955419,0.8347794117647059,0.61222094
755450,955259,0.8716110294117647,0.59026253
755533,936210,0.8307825,0.6228077
755488,955298,0.8260229885057472,0.6124908
755294,955096,0.5434280130293159,0.55816257
755215,955011,0.8392198511166252,0.71635896
755186,954979,0.9284718676122932,0.68043673
755206,955000,0.7797200000000001,0.6371789
755087,954867,0.7838200514138817,0.6274111
755041,954809,0.4379612903225807,0.49448198
748243,947272,0.5661739583333334,0.5613928
753730,953404,0.9028936170212767,0.69980633
754872,954627,0.9780374999999999,0.6463752
754740,954490,0.6943258333333333,0.59954447
754651,954390,0.8444330434782609,0.6848806
753790,953470,0.9546,0.7972826
753772,953451,0.6909828178694158,0.6359123
754060,953754,0.822235,0.64101696
754033,923808,0.8239783333333334,0.5368767
753785,953465,0.8589050894085282,0.6243989
753732,953406,0.756230303030303,0.6669474
752397,951977,0.9098774193548387,0.5489461
753691,953358,0.8656940279542567,0.6813659
753669,953335,0.757152,0.60305893
752498,952086,0.4177015873015873,0.6377826
753519,953207,0.930792,0.58579296
753207,952854,0.6617253333333334,0.6226073
752995,952621,0.6342369337979094,0.61752146
753084,952719,0.41933562500000005,0.687211
751684,951147,0.4106569444444444,0.60518444
752865,952485,0.7067149236192715,0.65908223
752615,952207,0.44881499999999996,0.62524796
733951,930396,0.8607330210772834,0.6072661
752220,951779,0.6690710526315791,0.6942577
750435,949778,0.6062809022556391,0.6439928
752170,951724,0.06331999999999999,0.6009129
752098,934755,0.8697578336557059,0.627831
725939,921260,0.9367719999999999,0.69328266
738778,936242,0.9690776077885952,0.76545525
752016,951548,0.6889244444444445,0.65759754
751967,951492,0.887821875,0.608024
751876,951394,0.5101145833333334,0.668199
747265,946177,0.147775,0.5703367
751864,951382,0.19505138888888887,0.6161303
751100,950512,0.4438577777777778,0.6066464
751755,951220,0.7476478632478633,0.7018345
751654,951112,0.22217425742574257,0.536987
751543,950992,0.7236745762711865,0.6959598
751248,950678,0.88656,0.67051804
750799,950191,0.3318059523809524,0.5937495
744385,942860,0.21124444444444446,0.61769724
749020,948166,0.09225799999999999,0.52881825
750093,949387,0.5724245,0.60221547
749907,949188,0.6934351851851852,0.6236727
744344,942813,0.48781,0.5130711
749243,948461,0.54296375,0.58615214
749183,934246,0.8023637499999999,0.62321895
749099,948306,0.928325,0.71358085
749069,948270,0.33666999999999997,0.64404446
735654,932430,0.8280995192307693,0.7028564
749019,948165,0.17373666666666668,0.53156626
746374,945128,0.467242,0.6522744
748450,947493,0.7727716666666666,0.6512684
748730,947845,0.7562833333333333,0.5967362
747338,946258,0.2676873333333333,0.518315
748322,947355,0.8863405405405407,0.68743455
748171,947193,0.9393892857142857,0.6202314
748144,947164,0.9563666666666667,0.6552408
748054,947068,0.7922979591836735,0.5090174
726234,921576,0.5202094117647059,0.69664437
747481,946419,0.92849875,0.701071
745618,944232,0.8010535714285714,0.66926277
747905,946899,0.9298799999999999,0.6368999
747831,946820,0.8533565934065934,0.7623366
741520,939425,0.9767100000000001,0.63488954
747540,946483,0.9498414285714286,0.5339627
744948,943470,0.24562700000000004,0.5670434
747349,946270,0.9458331637843336,0.64782447
747276,946189,0.7744270833333333,0.5488722
746928,945747,0.724387,0.6201553
746762,944005,0.9764411027568922,0.6242915
746727,945524,0.630531,0.66153854
746742,931390,0.851051051051051,0.65240514
746645,945434,0.6355099999999999,0.64010185
746531,945311,0.5507479999999999,0.68773174
746482,945257,0.3788546666666667,0.63730437
739289,936856,0.9767057777777778,0.6331031
746415,945180,0.6327437499999999,0.5835219
746390,945146,0.3137085,0.71050334
746373,945127,0.523635625,0.56880087
746282,944993,0.44769200000000003,0.6225553
743206,941419,0.7165096446700507,0.63451356
746180,944834,0.6044055555555554,0.5548265
745292,943855,0.9788215730337078,0.62885046
745721,944341,0.528524,0.768117
746087,944733,0.39945600000000003,0.62159127
741105,938924,0.654756,0.5833131
745982,944477,0.8191620309050773,0.5618199
745916,944552,0.9893786666666667,0.68103254
745850,944480,0.17547199999999993,0.6094149
745770,944393,0.9313805555555555,0.547115
745712,944329,0.8877244,0.6775585
742661,940775,0.520238,0.6014789
744579,943068,0.8163160975609756,0.6867115
744604,943094,0.8694707692307692,0.5927
743946,942334,0.25318682101513806,0.606944
741535,939442,0.8765219999999999,0.63231254
744805,943310,0.5348840336134454,0.6622812
744641,943134,0.2533125,0.59183097
744630,943121,0.5883026666666668,0.5876597
744342,942811,0.7441116666666667,0.5727567
744323,942788,0.8784933333333333,0.64781183
742696,940830,0.6690088888888889,0.6221226
744174,942614,0.9241929618768329,0.650186
740902,938688,0.862026875,0.56630754
743690,942003,0.679464,0.49660477
743600,941887,0.48786,0.5728026
743596,941882,0.668133,0.6815229
742259,940307,0.5884964329643296,0.7426825
743420,941673,0.7656855895196507,0.6195615
743390,941637,0.6122289962825278,0.57454556
743382,941626,0.9489283333333333,0.6406733
733864,930286,0.9276578125,0.6370533
742923,941090,0.8009642857142857,0.7087795
741779,939768,0.9798028571428571,0.60854334
742459,940536,0.7391375,0.621015
742644,940754,0.09358000000000005,0.61369044
732729,928961,0.40358962264150944,0.71659887
742570,940665,0.6439275,0.6253627
742562,940653,0.7976166666666666,0.6815311
742519,940602,0.8945096153846154,0.61146045
737422,934603,0.7367616,0.6042805
741268,939127,0.910304,0.6137438
742398,940459,0.876691,0.54713243
742275,940321,0.783635,0.66367
737124,934233,0.49762083333333335,0.6603859
742129,940156,0.7560264999999999,0.59699166
742071,940087,0.129266,0.5375799
742042,940050,0.696088,0.5491075
737078,934178,0.9522682142857142,0.6416422
725325,920554,0.7509127777777778,0.58368605
741781,939770,0.8184175,0.56728315
741219,939067,0.6941888888888889,0.6052424
741729,939711,0.23588285714285717,0.54254884
740576,938316,0.8795163636363637,0.6727608
741301,939170,0.7014395833333333,0.6498303
741259,939118,0.28215833333333334,0.51938
735296,931961,0.53409,0.7022105
711528,904492,0.7228335164835165,0.6350008
740938,938730,0.6205269999999999,0.7608491
736830,933877,0.5056186301369864,0.5922186
740833,938607,0.85033875,0.60250586
740830,921391,0.6937833333333333,0.46215552
740599,938343,0.828424,0.6975459
739491,937069,0.8656972222222222,0.6456124
740505,938229,0.9203451428571429,0.6581868
740100,937752,0.8348099999999999,0.64317966
740417,938121,0.9246541666666667,0.6068676
740317,938003,0.5936486772486772,0.5370647
739441,937019,0.856176,0.5859957
739767,937375,0.579112,0.51644045
739799,937409,0.9139536842105263,0.747731
739717,915851,0.683902,0.63939923
739372,936949,0.7050150000000001,0.55332655
739599,937191,0.4116302788844622,0.5915039
739619,937211,0.890335,0.627039
739535,937114,0.696663,0.6163955
739200,936754,0.20924857142857148,0.5963162
739006,936522,0.4524173913043478,0.57797855
738871,936366,0.23640250000000004,0.6090362
738817,936293,0.9421385714285715,0.659131
738685,936118,0.8148975,0.6196695
734505,931032,0.7482622857142858,0.67345554
738342,935696,0.42568999999999996,0.7729351
710743,903527,0.967644375,0.6467949
738205,935540,0.8806573333333334,0.650231
738148,935469,0.3975429166666667,0.6289592
738145,935465,0.18426772486772486,0.5430667
736270,933133,0.8719742857142857,0.574243
737540,934737,0.96566,0.60426843
737579,934783,0.630938,0.6880111
734018,930474,0.7773676767676768,0.6147151
737482,934670,0.66444,0.5526264
734947,931544,0.7475806841046279,0.6938465
737434,934617,0.7784083333333333,0.6459461
736702,933732,0.8873341176470588,0.6235652
737345,934508,0.9558134285714286,0.66776764
737185,934309,0.7814633333333333,0.614224
734863,931442,0.900992,0.6128931
733526,929903,0.5539995,0.67867094
736677,933705,0.60768875,0.55455524
736589,933555,0.41775855855855853,0.67742497
736551,933512,0.8885966666666667,0.53523266
736548,933508,0.9308691588785046,0.6673576
736447,933391,0.30223710843373497,0.52421314
736425,933362,0.8741125,0.6255595
734771,931340,0.5930083333333334,0.59766704
736144,932980,0.7372400000000001,0.6947498
736120,932951,0.5717436363636363,0.5903882
735842,932657,0.6574369811320755,0.64410806
735772,932572,0.96897,0.6874472
735689,932474,0.597917,0.5837553
676330,864297,0.562755,0.57280713
735439,932155,0.6462335664335664,0.52331775
734908,931483,0.9439757142857143,0.63528955
734671,931223,1.0,0.6741356
734645,931193,0.8077312903225806,0.71020645
734555,909962,0.228291,0.6721473
734387,930900,0.40434,0.5697988
734343,930853,0.22127333333333338,0.49515885
734341,930851,1.0,0.53524697
734049,930515,0.8039687499999999,0.6445168
733195,929534,0.675636923076923,0.61727905
733005,929272,0.7891249158249158,0.7452119
730577,926547,0.9663131428571429,0.6752538
733201,929540,0.668115,0.66036147
733175,929514,0.46544620689655175,0.5534113
562313,723597,0.225746,0.60105175
732998,898549,0.5556375,0.6229018
732910,929166,0.564435,0.5295649
730773,926771,0.3869617391304348,0.652436
713479,906712,0.6843953571428572,0.6765675
732635,928857,0.40258875,0.6147381
732489,928697,0.6455325000000001,0.55470383
732467,928671,0.7856613333333333,0.53337973
732269,928456,0.2609041666666667,0.53229445
721594,916228,0.8099923076923077,0.6305634
731690,927783,0.3737514285714286,0.6050718
732001,928129,0.7341697142857143,0.57625026
731742,927839,0.2121583333333333,0.57474047
731565,927641,0.9230872838250254,0.68659306
731219,927262,0.9071935483870968,0.56623054
730606,926581,0.9443444444444444,0.5210547
730571,926541,0.9903668686868687,0.69562733
730281,926214,0.451088,0.63552594
730185,926093,0.6900133099824868,0.7009841
730130,926031,0.3754288235294118,0.6787068
730086,925987,0.2805883333333333,0.52415955
730014,925904,0.3608585714285715,0.68736094
727942,923505,0.5109,0.6384044
729581,925373,0.7548839999999999,0.6606506
729503,925284,0.446646,0.5933386
720885,915377,0.7411937500000001,0.8845131
729078,924823,0.6780318029115342,0.661743
729025,924764,0.127084,0.6096132
727613,923142,0.7247186666666666,0.5481768
720202,914628,0.9528810126582278,0.62619615
728866,924588,0.8830880000000001,0.67032266
728795,924510,0.24654499999999996,0.54036933
728670,924365,0.8635087499999999,0.65530306
728605,924296,0.6974766666666666,0.62587017
725833,921141,0.23694,0.6166965
728464,924151,0.6780456666666668,0.65081865
728135,923734,0.7500889999999999,0.58203435
728052,923646,0.9777441666666666,0.6229378
727669,923206,0.780844375,0.65112
727518,923037,0.37105837837837835,0.650857
723759,918786,0.5044314285714285,0.6186082
727583,923109,1.0,0.66122854
727396,922903,0.6459522857142858,0.72415805
727397,922889,0.22275,0.6164183
722953,917829,0.85501,0.7055429
717597,911689,0.7858435331230283,0.52587414
725305,920530,0.205517,0.62432784
727063,922547,0.8837015384615384,0.5878973
726764,922205,0.5452199999999999,0.62596005
725930,921248,0.678812,0.6940313
726335,921684,0.9529483333333333,0.49361238
726300,921650,0.9762219999999999,0.5432922
725835,921143,0.9892888888888889,0.61926585
726038,921363,0.5721257142857143,0.7416967
726037,921361,0.8864892857142858,0.63932383
725962,921284,0.752482,0.52123946
723229,918140,0.8689891666666666,0.69736236
725751,921053,0.9761242857142857,0.6156721
725676,920963,0.31011185840707967,0.61083704
725372,920606,0.37327999999999995,0.75467277
725534,920793,0.28248108108108105,0.49153593
725458,920702,0.8745912499999999,0.6816588
725367,920601,0.49347010309278355,0.71561754
725335,920566,0.3248825000000001,0.6526107
725193,920406,0.3022255555555555,0.5256216
724550,919673,0.949777380952381,0.62808263
723925,918978,0.7383027777777779,0.65581
724732,919885,0.928828,0.74303305
720173,914596,0.8887888,0.682923
724509,919630,0.8006529411764706,0.63123196
718656,912905,0.48180999999999996,0.5550842
708328,900809,0.884775,0.5958529
724211,919295,0.9623145299145299,0.6186774
723427,918364,0.9557622222222223,0.6101811
721720,916412,0.6187688888888889,0.5839977
723498,918494,0.7708166666666666,0.59369135
721753,916449,0.26250666666666667,0.6443258
723530,918532,0.291825,0.67505056
723487,918478,0.9788304029304029,0.7060894
723471,918464,0.615652027027027,0.54942465
722310,917125,0.2617466666666667,0.55781096
723263,918176,0.9579323636363636,0.61600727
723256,918168,0.9541316666666667,0.628244
723166,918068,0.8424457142857142,0.6398208
723120,918020,0.5160060000000001,0.59817296
722727,917586,0.8227958333333334,0.53719
722612,917464,0.6309433333333333,0.5790669
722521,917363,0.62999,0.60322237
722385,917212,0.6651842105263157,0.63820964
722360,917180,0.9309216666666666,0.6162249
722089,916871,0.8787405714285714,0.68020433
722110,916893,0.8319135,0.80372405
718753,913009,0.7275586666666667,0.6468852
715871,909595,0.8678291338582678,0.5612276
721876,916585,0.828600588235294,0.68526566
721745,916440,0.7656748466257669,0.6948645
721687,916377,0.7803981818181819,0.5061822
721695,916386,0.9277653333333333,0.6090438
721515,916142,0.8996166666666666,0.5502484
721454,916074,0.565327380952381,0.7074957
721472,916094,0.9006732743362832,0.69919676
721084,915599,0.35158480000000003,0.49828875
721333,915890,0.5395650000000001,0.5765799
721195,915731,0.5165784999999999,0.5978203
721216,915757,0.03916071428571432,0.52736485
710884,903687,0.5491199999999999,0.6987137
720788,915272,0.17088199999999998,0.65026623
720364,914812,0.6901005498821682,0.6027766
719610,913968,0.8373788888888889,0.6193152
718600,912841,0.662813432835821,0.581309
720282,914721,0.8493128571428572,0.6003572
720266,914704,0.7890199999999999,0.7597882
719793,914171,0.41040714285714286,0.53401595
677458,865552,0.5847925630810094,0.6029286
719577,913931,0.8256041666666667,0.6408868
719459,913801,0.636976,0.6256705
713710,906994,0.932672,0.5593657
719352,913684,0.9450415686274509,0.6319208
717532,911621,0.7598727272727273,0.5787968
719196,913509,0.9351693333333334,0.6913363
719166,913478,0.9470942857142857,0.67341214
664678,849869,0.36647409326424873,0.5552259
718593,912828,0.6482835,0.61473614
718588,912827,0.23879799999999995,0.6527998
717260,911326,0.44265389221556883,0.6347537
718368,912575,0.5937132075471698,0.6412249
717580,911672,0.32610600000000006,0.5552234
717990,912148,0.93889875,0.6121842
717898,912047,0.5319822222222222,0.66059107
714281,907665,0.8583134782608696,0.6476313
715814,909520,0.8612368539325843,0.632217
714040,907371,0.7491800000000001,0.66225696
717657,911759,0.6229696428571428,0.5614382
717550,911640,0.4095666666666667,0.8752811
717513,911603,0.4986902564102564,0.62085325
717400,911477,0.8362280000000001,0.6921545
717212,911273,0.6646419512195122,0.65018165
717106,911155,0.834748743718593,0.65522254
685022,874555,0.5410341666666667,0.6461295
716790,910779,0.8930857142857143,0.7560989
716952,910970,0.271646,0.6550111
715658,909326,0.7608083333333333,0.7839395
716018,909777,0.6666895999999999,0.6605529
714769,908227,0.9574790000000001,0.64574814
715806,909510,0.6121268181818182,0.6410366
716069,909836,0.92924,0.55325043
716270,910061,0.46495000000000003,0.7164923
707917,900319,0.9421753333333333,0.5405641
716221,910006,0.6473622857142857,0.6845241
716110,909884,0.884661,0.7169258
716113,909889,0.5664821428571429,0.5804037
715837,909552,0.37259312499999997,0.62188506
715813,909519,0.7556173333333334,0.63315123
715695,909372,0.37844666666666665,0.5767375
715674,909343,0.536752,0.58432734
715167,908678,0.8853321428571428,0.5784197
714707,908159,0.38389399999999996,0.61987656
715022,908507,0.9636719999999999,0.69252574
715522,909162,0.96765875,0.6397224
715381,908949,0.7117149999999999,0.6044362
714579,908013,0.794,0.55251634
715319,908873,0.72687,0.5439149
714793,908257,0.9259966666666666,0.64548624
714804,908267,0.427875,0.6201943
708223,900693,0.5930135714285714,0.62995464
714307,907698,0.9002525,0.56942606
714072,907409,0.6749825,0.56706744
711367,904315,0.6279606481481482,0.64424944
708847,901382,0.835801443001443,0.6107351
714006,907335,0.19180475698035165,0.67778355
713841,907151,0.9849033333333334,0.6237946
701309,893081,0.7655860000000001,0.68920994
713534,906780,0.15920499999999993,0.6810086
711919,904924,0.7735737500000001,0.58987194
713232,906432,0.7640566666666667,0.55708814
713204,906399,0.432584,0.63042957
713169,906362,0.9287297297297298,0.6814534
713060,906246,0.690097619047619,0.55075926
713030,906215,0.771016,0.52254194
712914,906087,0.3589675,0.63285166
712603,905732,0.22278375000000006,0.5991759
712546,905666,0.31859857142857145,0.6872726
712516,905628,0.5048758823529411,0.6966484
712485,905595,0.52613,0.63051116
712283,905354,0.8437083333333334,0.5818971
712268,905338,0.46188636363636365,0.59719175
708355,900840,0.6583829999999999,0.57858706
712228,905288,0.635599,0.654687
711960,904973,0.5867533333333333,0.5906217
708241,900714,0.8857290322580645,0.64273095
711812,904806,0.8080007407407408,0.6854916
711761,904752,0.522552,0.63416713
711577,904544,0.8518135294117647,0.6022742
711545,904510,0.1897516666666667,0.5482704
711127,903997,0.35555000000000003,0.66659594
711082,903939,0.9301854166666668,0.6291905
710806,903592,0.6377046153846154,0.6338733
710590,903357,0.3444903999999999,0.6203624
689461,879748,0.6476433333333333,0.6650566
702211,894074,0.2630217647058824,0.6007644
710269,903003,0.9315062500000001,0.6559243
710133,902850,0.57677,0.6389924
709879,902557,0.8325483333333332,0.6432973
708214,900684,0.249709375,0.5323314
709318,897623,0.23458214285714282,0.55887514
709259,901859,0.7644015151515152,0.6677945
708536,901037,0.8656278571428572,0.72560275
709177,901770,0.32593199999999994,0.6152232
708974,901526,0.5626065714285714,0.7845931
708965,901516,0.4183,0.6004297
708969,901520,0.2327596666666667,0.68261397
708862,901399,0.657384375,0.6447154
708823,901351,0.8629424242424243,0.6351324
708626,901139,0.90739375,0.58465207
702881,894760,1.0,0.66596675
708230,900701,0.29297,0.65538377
708174,900641,0.36101492537313434,0.5594743
707938,900343,0.780552,0.6036588
707691,900068,0.763042,0.58849365
707485,899845,0.3243033333333333,0.66752774
707637,900010,0.8743375,0.707645
707632,900004,0.33793399999999996,0.74362636
706518,898735,0.3383442857142857,0.57238364
700968,892705,0.90039,0.6954026
707463,899817,0.8996266666666667,0.58772045
707398,899742,0.6044433333333333,0.6893777
707300,899632,0.19990833333333335,0.5672623
707347,899684,0.69315,0.5768482
707182,899499,0.11963400000000002,0.5234262
700340,891996,0.9643,0.69180816
706991,899283,0.8954139999999999,0.6053483
706773,899023,0.4922694736842106,0.6540154
706981,899270,0.6575712121212121,0.64936763
706556,898778,0.848735,0.5845308
706849,899122,0.5725423076923077,0.6593752
706831,899103,0.7597711764705882,0.6159073
706795,899051,0.56424,0.6559426
706765,899013,0.6159479999999999,0.47204328
706337,898540,0.20744666666666672,0.5483711
703555,895563,0.929526,0.73406106
706424,898629,1.0,0.7146439
705347,897421,0.4805333333333333,0.64118826
706023,898128,0.8256062500000001,0.7173968
706013,898114,0.7206437499999999,0.62570673
705954,898081,0.5646190476190477,0.5873577
705879,897990,0.2507194444444445,0.57148296
668955,855354,0.9334794117647058,0.57549506
705786,897885,0.587802,0.5616916
705134,897165,0.9256625,0.55517006
705728,897820,0.78575,0.7266918
701650,893414,0.7997501577287067,0.60433716
700320,891939,0.752708,0.57754266
696817,888022,0.700709,0.65675473
704995,897008,0.7270423076923077,0.61822104
704507,896524,0.34752000000000005,0.6348705
704461,896472,0.2618050505050505,0.5607604
704390,896396,0.51766,0.60618865
702716,894574,0.8644241042345276,0.64094734
704088,896102,0.3439258333333333,0.59223413
704047,896055,0.8722705555555555,0.65719587
703840,895870,0.38135294117647056,0.59512436
703280,895222,0.7556626666666667,0.59982866
703408,895360,0.6181148571428572,0.71668655
703297,895240,0.647106,0.5733856
696462,887627,0.9521827777777778,0.603862
703226,895162,0.6329125,0.602191
703111,895028,0.2550071428571429,0.68871003
695726,886842,0.49851944444444446,0.5864253
703022,894924,0.9395075,0.7659111
699789,891399,0.8332871428571429,0.60253084
665168,850454,0.7827506666666667,0.7195232
702432,894289,0.7605566666666667,0.7680811
702165,894023,1.0,0.5923889
702018,893860,0.682115,0.63746125
702096,893929,0.94917125,0.6138847
702092,893942,0.88285125,0.67922264
701966,893801,0.91318,0.6445385
699714,891316,0.9383076666666667,0.6271952
701569,893328,0.03521800000000003,0.5826353
701583,893342,0.9355791666666667,0.5746706
701561,893320,0.87902,0.5183515
701523,893277,0.7534000000000001,0.61189854
698547,890004,0.45257444444444445,0.6630762
700865,892582,0.5390572727272728,0.61454535
699652,891236,0.4618032786885246,0.55658734
700083,891728,0.42654200000000003,0.5374871
700028,891664,0.299015,0.512443
699011,890511,0.8911917241379311,0.66763717
699567,891142,0.815378125,0.6045423
688682,878853,0.8108266666666667,0.5765247
699331,890878,0.63492,0.681421
699321,890868,1.0,0.660822
699300,890845,0.8180953846153846,0.6191262
687338,877341,0.9034488888888889,0.580968
697566,888906,0.9346678304239402,0.6818137
698921,890413,0.9156122222222223,0.64851487
693361,884183,1.0,0.52268195
698760,890233,0.3313103571428571,0.7040808
698545,890001,0.8719985714285714,0.6583768
698538,889993,0.6783293333333332,0.6451232
697999,889384,0.23323542857142862,0.7454037
698231,889650,0.9771500000000001,0.65138376
689542,879845,0.9304775,0.4911632
698041,889439,0.485566,0.5398377
697592,888935,0.58395125,0.56786054
697523,888809,0.4326690476190476,0.64162713
697371,888632,0.8620652941176471,0.6584998
697250,888503,0.727464935064935,0.5192075
696937,888158,0.9162928,0.61144817
696897,888108,0.8947838383838385,0.6741483
696841,888045,0.86946,0.5958666
693693,884571,0.20547500000000007,0.5794601
696672,887861,0.8800275000000001,0.63776505
696639,887823,0.8181571428571429,0.789691
696233,887381,0.38744799999999996,0.48774856
696182,887323,0.9553775000000001,0.5296991
696337,887496,0.765192380952381,0.61382145
696344,887505,0.656755,0.55218476
696328,887484,0.8231333333333334,0.5130438
696188,887329,0.755992,0.6476764
696160,887301,0.9395784269662921,0.72406656
695753,886871,0.896825,0.69486314
551238,710406,0.5682980000000001,0.64127713
695397,886470,0.84863,0.5926731
668003,853976,0.2451848958333333,0.63829553
695296,886356,0.713179935275081,0.6817008
695201,886251,0.7754513112884834,0.67953885
695127,886162,0.3667066666666666,0.6033014
695035,886076,0.77101,0.6675783
694727,885689,0.6040957142857143,0.5975143
694714,885673,0.9603093829247676,0.71937615
694108,884988,0.9583085714285714,0.5827043
694008,884874,0.6724547999999999,0.69024724
693902,884758,0.25048104575163405,0.660206
693303,884117,0.6366275,0.5830875
692779,883534,0.9895846153846154,0.66170734
692755,883507,0.7226905714285714,0.66200984
692695,883438,0.330663,0.54533243
692654,883349,0.4145875,0.65357095
692496,883169,0.8768175,0.5901674
692431,883098,0.679266,0.6458705
692205,868637,0.956246,0.63225365
682280,871421,0.9089405714285714,0.6660767
691359,881930,0.7084685039370078,0.6108187
690459,864068,0.9885,0.5588861
689543,879846,0.36340625,0.5225078
690315,880726,0.521295,0.62970746
690178,880578,0.8656446666666666,0.54515404
690138,880531,0.778481,0.5826828
690025,880358,0.6739791666666667,0.61097884
688799,878980,0.6986373684210526,0.67320013
689115,879325,0.8288714285714286,0.6347694
688840,879025,0.7677027777777777,0.714448
666355,851944,0.7403724137931034,0.6516978
687893,877936,0.6899456140350877,0.7640853
687785,877817,0.496546875,0.5267939
686989,876905,0.8528726984126983,0.7170537
687550,877571,0.8807191666666667,0.6111927
687534,877555,0.5993149606299213,0.6587576
687361,877368,0.86774875,0.59610736
679525,868097,0.1944620253164557,0.58659446
685965,875698,0.16235341674687204,0.6779428
686910,876806,0.6694293333333332,0.708011
686476,876293,0.09250599999999995,0.5849768
686343,876136,0.9773020472440945,0.5923516
684594,874087,0.5423542857142858,0.65270597
685561,875225,0.06921599999999999,0.5916884
685480,875127,0.16760399999999998,0.75756866
685450,875081,0.7300456249999999,0.6758855
685339,874965,0.40698500000000004,0.49460477
684055,873464,0.8746730769230769,0.7039548
685258,874872,0.82704,0.63337874
684855,874377,0.744094,0.6939131
684732,853825,0.5986096,0.57175666
684661,874161,0.8335194285714286,0.6480378
684552,874037,0.369475,0.67008847
684430,873897,0.5023333333333333,0.6694752
683804,873173,0.7096686930091185,0.57133216
682142,871259,0.53887,0.652745
683494,872827,0.85425,0.63024586
683428,872752,0.6836116,0.7145791
364693,374862,0.4122310850439883,0.6016337
682043,871155,0.7401581395348837,0.6524511
683184,872476,0.8184185714285714,0.74635786
683037,872316,0.42672000000000004,0.65918726
682941,872206,0.38578,0.578073
682246,871383,0.9070870588235294,0.72570425
682691,871929,0.6945577142857143,0.69737834
682634,871862,0.5887880952380952,0.61069334
681502,870531,0.3549714285714286,0.7763406
682181,871311,0.6453542857142857,0.52920437
682143,871270,0.9766222222222223,0.6351372
679022,867443,0.5680384615384615,0.6392239
679103,867541,0.6371541176470588,0.68897086
681850,870941,0.6611325,0.66449463
678796,867180,0.7255937728937729,0.7156579
681511,870541,0.8484216666666666,0.5727729
681304,870297,0.8391379999999999,0.6347205
681146,870106,0.7632899999999999,0.66270375
681142,870101,0.6058944444444445,0.5748466
680422,869154,0.45930897435897433,0.58724844
681101,870059,0.46965,0.61658114
681087,870041,0.7693000000000001,0.59038866
680992,869927,0.8195016666666667,0.6240814
680891,869819,0.23311481481481477,0.6249899
679239,867705,0.6030514285714286,0.68448424
680694,869574,0.7543639999999999,0.56887317
680672,869545,0.7247316666666668,0.5261794
680400,869196,0.796582,0.6851782
678544,866873,0.7589060000000001,0.64622635
670575,857273,0.6036555555555556,0.6312535
679848,868489,0.7632583333333334,0.65979475
679572,868154,0.8570891666666667,0.6319752
679352,867841,0.12779333333333337,0.579883
679053,867480,0.9074540000000001,0.5557887
679046,867473,0.8845117142857143,0.7168639
679002,867418,0.9680930769230769,0.6496178
678843,867236,0.9487675,0.5315552
678703,867065,0.6208969999999999,0.5862157
670808,857554,0.8074482352941176,0.58823544
678111,866360,0.6975772727272728,0.5966198
678015,866258,0.7948916666666667,0.6360726
677354,865438,0.824318,0.6782878
677087,865140,0.27179285714285717,0.6507687
677055,865106,0.9670179487179487,0.6602363
676986,865028,0.3775875,0.62507266
676941,864976,0.647185,0.6322433
676925,864961,0.45989,0.618831
676779,864798,0.8090073333333334,0.6686283
675272,863013,0.19171749999999999,0.59879744
676546,864561,0.8751349999999999,0.6618371
676042,863973,0.7635059999999999,0.601801
675963,863831,0.35264375,0.5920513
675952,863818,0.924904347826087,0.7100787
675850,863699,0.7379788888888889,0.71021384
674982,862684,0.8665768571428571,0.6904483
675343,863100,0.7819525,0.6157797
675717,863547,0.693904,0.59838563
675591,863405,0.8907658333333334,0.66211313
674376,861956,0.6149,0.5452147
660835,845178,0.9884325,0.5651198
672391,852567,0.9016416666666667,0.6211196
674931,862624,0.518554347826087,0.5820561
674952,862648,0.33088960000000006,0.7628702
674675,862321,0.5800141666666667,0.7078419
674670,862316,0.456558,0.6151201
663472,848374,0.8753238095238095,0.64414394
674613,862251,0.5836363636363636,0.54521537
674451,862046,0.7527642857142857,0.5820026
674071,861572,0.5007142857142857,0.5890253
673623,861005,0.8206481481481481,0.6437865
673506,860864,0.28371999999999997,0.62490577
673307,860619,0.48978818181818184,0.6298886
673070,860334,0.9570057142857142,0.62159467
673001,860248,0.930876,0.70166206
670462,857135,0.9783928301886793,0.70277673
672042,859123,0.6826209090909091,0.6781819
671932,858937,0.3581533333333333,0.55237794
671452,858376,0.9531359649122807,0.72053367
671761,858728,0.32090080000000004,0.66568094
661618,846128,0.8564345323741007,0.6281883
671516,858457,0.898848,0.595545
671416,858334,0.88504625,0.64298767
671259,858214,0.5474786666666667,0.66957927
669256,855716,0.7895719999999999,0.64779353
670870,857691,0.29260875,0.6034869
654211,836649,0.4799125,0.6584057
670547,857238,0.14078600000000005,0.52912545
670022,856627,0.5322356666666667,0.5993959
670475,857149,0.85384,0.6075809
670271,856907,0.8542529411764707,0.6470333
670165,856788,0.8216371428571428,0.6391598
670124,856744,0.875683,0.70816684
670105,856723,0.67184,0.6127813
669564,856141,0.72718125,0.5934972
669149,855592,0.5618153333333333,0.6202882
669421,855922,0.6926142857142857,0.579061
647417,828305,0.4853366666666667,0.6119696
669200,855651,0.9768680000000001,0.58389974
669087,855517,0.5681931034482759,0.507558
668685,854994,0.8404094420600858,0.5748503
668271,854430,0.5546184210526316,0.5016178
640792,820284,0.7391340579710144,0.58481747
668258,854411,0.7053765625,0.610056
661258,845693,0.8866465753424657,0.7396148
667961,853921,0.9313177777777778,0.6858519
667933,853887,0.8132155,0.6640132
667624,853498,0.9484518248175183,0.72730035
667320,853134,0.912565,0.7551132
666283,851854,0.8955125,0.57666266
667392,853224,0.5463333333333333,0.7114
666996,852743,0.44611666666666666,0.66788155
653378,835567,0.2834176744186046,0.66989744
666847,852543,0.8204049999999999,0.6856334
666622,852264,0.4082776,0.68921775
666364,851954,0.815384,0.6456667
652750,834799,0.7497659999999999,0.5995809
659948,844062,0.310475,0.5931928
665844,851311,0.8636454545454546,0.58406234
665860,851329,0.42468541666666665,0.51616293
665693,851107,0.91165,0.69986165
665748,851179,0.3776725,0.6340596
665644,851048,0.7114403225806452,0.7295837
665402,850723,0.37928999999999996,0.67136073
660949,845314,0.9650099999999999,0.6273274
665198,815713,0.38544833333333334,0.6523238
665160,850445,0.7232175,0.5615351
664688,849881,0.7093619999999999,0.70336884
664680,849871,0.6619675,0.6366468
664592,849765,0.14609047619047616,0.5400774
664512,849671,0.9439488,0.7072511
643213,823176,0.4951192,0.6779734
664202,849294,0.3786133333333333,0.62508184
664100,849162,0.9531284999999999,0.6519525
662416,847100,0.7542805633802817,0.5845513
664000,849050,0.49600277777777774,0.6724971
663996,849045,0.4228885714285714,0.63765967
663385,848274,0.332054,0.5808762
661329,845777,0.3720830769230769,0.60104895
663493,848397,0.027724444444444492,0.70349425
656828,840042,0.5343013333333334,0.6193344
662664,847417,0.6493444,0.6451657
663272,848138,0.18596630434782613,0.560293
663164,831156,0.5776977272727273,0.65739256
662846,847648,0.7859822916666667,0.5824383
662719,847485,0.3442217008797654,0.6986453
662660,847411,0.78678,0.6366545
662367,847043,0.66684,0.5947306
662350,847024,0.5318039999999999,0.5803675
662255,846914,0.15216352941176475,0.5576894
655993,839011,0.97616,0.7386878
662167,846808,0.33302,0.5608857
662142,846777,0.5561026315789473,0.5412099
662135,846769,0.9340875999999999,0.6923058
662034,846641,0.5005451327433628,0.57716525
661952,846543,0.238995,0.5675277
661219,845644,0.3361121951219512,0.577822
660157,844333,0.7375621890547264,0.65207046
661521,846006,0.8906508,0.6828808
661361,845814,0.9135656249999999,0.64014643
660822,845161,0.6850853333333332,0.6380639
655111,837877,0.9438136842105262,0.6694176
661262,845698,0.37811222222222224,0.59679973
660912,845272,0.7906511904761905,0.6534806
660889,845240,0.94898125,0.59539276
660862,829072,0.9258626804123711,0.68307483
660819,845158,0.859434,0.54167986
660798,845134,0.8155052,0.67703456
660734,845052,0.931291304347826,0.5652274
660615,844908,0.9333004999999999,0.63003916
659221,843127,0.12628444444444448,0.5852573
643919,824042,0.2106285714285714,0.6130579
660438,844688,0.977694375,0.6460327
660394,844634,0.87876,0.6018604
659869,843965,0.6778904166666666,0.7014303
660114,844274,0.3101156,0.6969029
659745,843801,0.879806,0.5858431
657326,840658,0.6732233333333334,0.6840094
659533,843529,0.16498622950819677,0.58207566
658399,842042,0.724334,0.5389333
659280,843198,0.7487694444444445,0.66413176
659177,843072,0.7419861111111111,0.6824805
657891,841338,0.6818193181818182,0.6372856
659099,842982,0.6309308,0.7220513
658960,842789,0.3218642857142857,0.57570857
658701,842418,0.24006,0.6913117
655958,838968,0.6684568,0.6949537
658485,842149,0.24446716417910452,0.75070393
658355,841985,0.4834111111111111,0.64261484
656945,840187,0.9023490909090909,0.599475
658238,841775,0.21197520000000003,0.6420976
658204,841735,0.09194899999999998,0.59447324
657900,841348,0.40446000000000004,0.6126225
657589,840974,0.23172631578947367,0.64092845
624787,800729,0.601181,0.57249486
657388,840726,0.659559,0.56485265
657325,840656,0.5210586046511628,0.5586001
657334,464033,0.15223472222222223,0.4955227
657219,840532,0.947417142857143,0.60177535
657208,840519,0.6935711999999999,0.5985265
653891,836268,0.7994080952380952,0.6892889
649688,831132,0.4173751351351352,0.6120324
657053,840330,0.6137242857142857,0.6738801
656918,840155,0.590856,0.66471106
651893,833821,0.15886000000000003,0.56666344
656790,839993,0.7599018181818182,0.7039271
656642,839834,0.9781745000000001,0.66601926
656300,839409,0.9074387500000001,0.6260549
656273,839379,0.617741,0.7018814
656009,839031,0.9762328571428571,0.7009249
656055,839094,0.5766786666666667,0.59817857
656157,839232,0.6162942857142857,0.6101506
656057,839096,0.7980584615384616,0.6697016
654518,837039,0.6973050000000001,0.62514675
655691,838623,0.5954795,0.6395856
655115,837884,0.9643725,0.639345
640372,819741,0.5266430000000001,0.6434288
654898,837502,0.1337814285714286,0.62608135
654859,837447,0.788554,0.677134
654707,837269,0.7784178571428572,0.5812152
646519,827193,0.1767566666666667,0.58277726
654411,836909,0.9017400000000001,0.62582815
654310,836776,0.8956333333333333,0.5816794
654313,836779,0.5511032,0.67528176
646994,827786,0.717595,0.5364514
654043,836454,0.92498,0.5988195
651084,832886,0.675455,0.6019634
653959,836347,0.566591,0.5867031
653939,836320,0.1700041666666666,0.7361133
653204,835373,0.6956878571428572,0.6251116
653735,836031,0.971005,0.57457536
653722,836016,0.8380860000000001,0.59007937
647869,828855,0.8288899999999999,0.6165527
653289,835469,0.92103625,0.67128116
651216,833038,0.5231272,0.6277405
653141,835284,0.557565,0.6363908
653096,835232,0.4649125,0.6158406
652960,835071,0.7564155555555555,0.68872935
651913,833847,0.6826975,0.64101684
652764,834816,0.88879,0.6941347
652128,834080,0.134384,0.57139605
652585,834600,0.566539,0.61946964
652330,834307,0.698754,0.5789979
652507,834508,0.6573680000000001,0.6715847
652444,834440,0.59839625,0.63928694
652172,834127,0.44549687500000007,0.67217726
651824,833732,0.6893405,0.6209284
651704,833623,0.4348490909090909,0.6612747
651496,833372,0.7588291666666668,0.6577663
651345,833194,0.06953199999999997,0.5899979
649179,830497,0.963645,0.56119233
651235,833060,0.976226,0.59347963
650013,831521,0.51191625,0.569964
645396,825834,0.8399,0.5651704
649918,831400,0.8291825,0.5833103
649929,831420,0.37082714285714286,0.65979505
650699,832367,0.6452523809523809,0.64821756
649879,831358,0.2433428571428571,0.67516416
650598,832248,0.6636506666666667,0.65514666
650525,832156,0.794784,0.6247464
650236,831788,0.8120775,0.81947535
647072,827883,0.7989934999999999,0.7152099
649682,831124,0.7995329999999999,0.71648747
649786,831245,0.26755999999999996,0.50556445
650335,831911,0.7425671428571429,0.7001631
650259,831816,0.892075,0.66232973
649603,831031,0.5272033333333332,0.57292956
649602,831030,0.6470199999999999,0.61588895
649089,830396,0.4827358333333333,0.6506673
647699,828640,0.7786686666666667,0.58254814
648474,829619,0.75457,0.66360426
645617,826098,0.5325562500000001,0.7333806
648089,829144,0.9089688888888889,0.6713401
648069,829121,0.6336071428571429,0.5501648
647880,828868,0.79283,0.6187494
647688,828625,0.8688727868852458,0.65930164
647574,828489,0.013176000000000021,0.55028945
646396,827052,0.7521693333333334,0.6353025
647554,828465,0.3267668965517242,0.6279062
647537,828444,0.3278166666666667,0.6493424
641768,821488,0.8471206557377049,0.7266301
638625,818035,0.14797733333333332,0.52373946
647376,828254,0.7525428571428571,0.5744167
646974,827760,0.30591666666666667,0.52346563
646958,827742,0.726002,0.5745269
646957,827741,0.11132249999999999,0.66301835
643484,823509,0.8917333333333334,0.61831677
646576,827267,0.04318367346938776,0.6177591
638110,817406,0.8713549999999999,0.70504737
646694,827409,0.26678679999999994,0.6802548
646218,826812,0.5763475,0.5898392
646084,826642,0.8155553488372093,0.729723
646020,826566,0.7007180000000001,0.6023867
645871,826393,0.6025229999999999,0.6074617
645839,826358,0.5803309523809524,0.656412
645598,826076,0.6689107142857142,0.5439463
645050,825405,0.8095987951807229,0.634576
645127,825498,0.9517403636363636,0.6504964
645002,825347,0.4118183333333333,0.6355069
643182,823142,0.8732800000000001,0.58816105
644914,825235,0.92416375,0.57922477
644887,825198,0.35459434782608695,0.6558683
644250,824422,0.5826378378378378,0.6367237
644644,824902,0.06360066666666668,0.607131
643152,823106,0.8874291666666666,0.522043
644561,824795,0.868928,0.58118606
644553,824783,0.24711049999999996,0.5990367
644396,824593,0.23024,0.7482734
644418,824620,0.40974666666666665,0.6205212
644361,824552,0.989048888888889,0.6439852
644163,824319,0.7672164285714286,0.60284394
644031,824172,0.31828999999999996,0.557916
643860,823969,0.5512863095238095,0.62951607
643800,823901,0.565395,0.6533196
643848,823955,0.6583553333333333,0.6188149
643822,823926,0.966318,0.62692386
643636,823701,0.329676,0.5436593
643621,823682,0.8005180000000001,0.66247267
643511,823546,0.538446,0.6165149
643333,823333,0.95614,0.62321633
643293,823282,0.3871581632653061,0.53021777
643083,823027,0.8366,0.6282653
641972,821735,0.8209971428571428,0.6191654
642983,820684,0.5055106666666667,0.6358787
642967,822899,0.47113846153846156,0.5978853
640529,819966,0.5291137499999999,0.625272
640684,820147,0.39258875,0.62943006
642860,822761,0.7057710144927536,0.5753642
642830,822731,0.32824056939501783,0.5647898
642826,822727,0.8212691176470588,0.5715378
642816,822717,0.8520927835051546,0.5455906
642777,822678,0.9509148936170213,0.62988865
642664,822615,0.635625,0.56054854
642564,822465,0.31040136986301375,0.4797451
642467,822318,0.8243540000000001,0.5235159
642413,822261,0.646554945054945,0.6543183
642328,822169,0.7939025000000001,0.57231796
640082,819397,0.3104296000000001,0.72661835
642049,821825,0.36098142857142856,0.6243412
641977,821741,0.7469153846153845,0.58152753
641838,821581,0.8766583333333333,0.6074387
641687,821391,0.06525833333333336,0.6149424
641147,820716,0.9886072727272728,0.5887326
641001,820549,0.18665954545454538,0.71883523
640452,819876,0.33603500000000003,0.6293553
640448,819877,0.3155444,0.6496396
640211,819562,0.8398366666666668,0.6613761
587135,754241,0.7157585714285714,0.5862465
637980,817234,0.5490971428571428,0.5455331
637755,816953,0.8313799999999999,0.60250586
637256,816326,0.6483304,0.70715
634029,812261,0.21082399999999998,0.5340549
