id,member_id,actual_lgd,pred_lgd
1077430,1314167,0.953168,0.97459394
1071795,1306957,0.9662392857142856,0.939728
1071570,1306721,0.9498995348837209,0.8242516
1064687,1298717,0.9506333333333334,0.95924574
1069057,1303503,0.9354899999999999,0.9673453
1039153,1269083,1.0,0.929264
1069559,1304634,0.9551149999999999,0.9531296
1069800,1304679,1.0,0.9577947
1069657,1304764,0.947808,0.94229275
1069465,1304521,0.9786,0.9630154
1069248,1304123,0.9851460000000001,0.97830254
1069243,1304116,0.9517549999999999,0.96633905
1069410,1303652,1.0,0.9478642
1069126,1303778,0.91527,0.9455805
1069093,1303740,0.9982,0.9832425
1068906,1303528,0.9534280487804878,0.9665143
1060981,1292558,0.9983921875,0.9575181
1068542,1303143,0.8008,0.95417017
1068509,1302907,0.9583435483870967,0.93781996
1068309,1302924,0.7941678618857901,0.95226324
1068012,1302365,0.977094,0.9579034
1068202,1302588,0.9195768,0.94304955
1068006,1302360,0.9675296202531645,0.9220419
1068179,1302564,0.8881371428571428,0.94378924
1066215,1300572,1.0,0.9767124
1068111,1302472,0.9435585585585585,0.98046577
1068091,1302450,0.9654258333333334,0.974819
1067794,1302151,0.9680540000000001,0.9433154
1068018,1302371,1.0,0.95805997
1067818,1247741,1.0,0.977177
1067644,1302032,0.9959680000000001,0.9513863
1067364,1301744,0.954047,0.9681928
1067152,1301933,0.9984632258064516,0.9474198
1062471,1294536,0.9463195,0.9644238
1067126,1301506,1.0,0.93843603
1067324,1301699,0.927686,0.94978285
1067102,1301481,0.9989893333333334,0.9643862
1067265,1301632,0.999345625,0.9523379
1067038,1301405,0.954715,0.9615932
1031265,1260676,0.9662534798534799,0.9647676
1066835,1301027,1.0,0.93871236
1063280,1295793,0.9655535655058043,0.952153
1066798,1300982,1.0,0.9586273
1066766,1300949,0.9910972222222222,0.9497172
1066613,1300801,0.9506057692307692,0.9410617
1065648,1299754,0.87376,0.91849643
1066503,1300476,0.9666889999999999,0.96345365
1066344,1300716,1.0,0.947777
1048526,1279867,0.9623550000000001,0.9763099
1066232,1300594,0.998798,0.95376927
1066162,1300514,0.9569733333333333,0.96712726
1063447,1296011,0.9051675,0.96374184
1066112,1300264,0.9451781052631579,0.94954216
1066071,1300216,1.0,0.92800254
1065026,1298879,0.9627100000000001,0.9590961
1057001,1288555,0.8999446666666667,0.9389341
1065513,1299629,0.8944727777777778,0.96196234
1061788,1293410,0.902256,0.9536409
1065467,1299576,1.0,0.9488216
1065649,1299755,0.9992928,0.9484631
1064102,1296692,0.9487559999999999,0.9592211
1062399,1294261,0.9421472222222224,0.9768447
1065348,1299443,1.0,0.9688991
1065304,1299388,0.9629266666666667,0.9607598
1065103,1299180,0.9691780000000001,0.95226663
1065254,1299335,0.9569870833333333,0.95857203
1059620,1291228,1.0,0.9570999
1065196,1299063,0.9339709999999999,0.94652456
1062248,1294105,1.0,0.9551458
1064754,1298795,0.7385575999999999,0.9186597
1064727,1298762,0.9699763380281691,0.960194
1064636,1298456,0.9378783333333334,0.952765
1056865,1288419,0.9043680000000001,0.97456354
1064783,1298613,0.9683329192546584,0.93944514
1064608,1298422,0.9122583333333334,0.9549567
1064251,1298041,0.9541666666666667,0.8784104
1035800,1265435,1.0,0.98463935
1064366,1298164,0.94311,0.9308589
1064150,1298144,0.9519117647058823,0.9603602
1029473,1258841,0.999681077038145,0.9263849
1063949,1297930,0.904935,0.92319787
1064133,1298122,0.9237135000000001,0.96857494
1063751,1296522,0.9603395833333332,0.9601292
1063788,1296355,0.9974,0.9705376
1063781,1296348,0.9368533333333333,0.9881984
1063778,1296342,0.9456593333333333,0.92685026
1063693,1296259,0.9985299999999999,0.9429623
1057424,1288982,0.94269,0.96153563
1063448,1296012,0.2008727272727273,0.9634917
1063421,1295979,1.0,0.95743716
1063393,1295948,1.0,0.96963537
1059525,1291351,0.9016383333333333,0.9566983
1063069,1295567,0.9979515294117648,0.9749509
1062997,1295086,0.9563986666666666,0.9653688
1062918,1295405,0.9638875,0.9652558
1062976,1295062,0.952215,0.97094244
1062897,1295380,0.9388058823529412,0.9293208
1059486,1291111,1.0,0.9627254
1062851,1295329,0.62546875,0.9613724
1062844,1295322,0.9660646153846154,0.9619418
1062864,1295344,0.9673275,0.95910686
1062734,1295018,0.9563991071428571,0.9447526
1062555,1294623,0.9590683333333333,0.95902956
1062606,1294478,0.9571407142857142,0.93957263
1062536,1294599,1.0,0.95532966
1036838,1266720,0.9614262390670554,0.9506243
1062478,1294543,0.9869467857142856,0.9505896
1062454,1294520,1.0,0.9624642
1062330,1294396,1.0,0.96645087
1062414,1294277,1.0,0.9565024
1062401,1294263,0.960991,0.97566843
1031348,1260966,0.9450633333333334,0.9809488
1062268,1294324,0.9647896103896104,0.93746775
1062146,1294204,0.9447730612244898,0.8933145
1062257,1294315,0.9553238738738739,0.9319346
1062250,1294107,0.9650276923076924,0.9545673
997521,1222612,0.9677166666666667,0.9824858
1058624,1290219,0.8801882828282829,0.9636373
1031266,1260677,1.0,0.9809358
1061914,1293952,1.0,0.834756
1061741,1293770,0.9496134831460675,0.966742
1057749,1289516,0.9579960784313726,0.9767465
1061869,1293501,1.0,0.9494358
1061661,1293676,0.953219024390244,0.95698136
1061643,1293657,1.0,0.9532356
1058931,1290729,0.9990883333333332,0.9731119
1061496,1293299,0.9990209999999999,0.9417443
1058858,1290455,0.9453574074074075,0.9646113
1060436,1292191,0.8051333333333334,0.9454785
1060995,1292578,0.93843,0.9751485
1061135,1292930,0.971625,0.9635603
1060934,1292910,0.93056,0.96206546
1061130,1292925,0.9149129999999999,0.9522543
1060553,1292714,0.9734116666666667,0.95651025
1060979,1292556,1.0,0.59752077
1060970,1292545,0.9563733333333333,0.97358894
1060720,1292493,0.9565765151515151,0.96030515
1052346,1283902,0.998869,0.9651033
1060485,1292242,1.0,0.9557649
1051471,1283155,0.4936472222222222,0.93689954
1053763,1285365,1.0,0.9435993
1060086,1291922,0.9440824999999999,0.9691205
1059948,1291788,0.9542166666666667,0.9609332
1060019,1291647,0.95821,0.8885872
1053454,1285049,0.9611775438596492,0.9181122
1059874,1291507,0.941165625,0.9593808
1032863,1262418,0.05420666666666663,0.9557764
1057243,1288802,0.9656426666666666,0.9711315
1059157,1290971,0.9539991011235955,0.99063367
1059522,1291347,0.9501149999999999,0.9603276
1059502,1291327,0.9496353658536586,0.9647804
1055994,1287564,0.9988833333333333,0.9643043
1059461,1291081,1.0,0.9749753
1059319,1291122,0.8451405714285714,0.9266504
1059291,1290894,0.9330525,0.95609057
1059409,1291025,0.9988146153846154,0.93488914
1058892,1290489,0.95742875,0.9582545
1057403,1288960,1.0,0.95700264
1054453,1286084,1.0,0.9655075
1058824,1290419,0.9277377142857143,0.95520973
1058734,1290535,0.9347305660377359,0.9427809
1058515,1290104,0.998539,0.95722973
1058110,1289687,1.0,0.9657908
1058519,1290108,0.9928425000000001,0.9322709
1058483,1290071,0.9533110588235294,0.96587294
1058484,1290072,0.93775,0.97348595
1057201,1288760,0.8827240384615385,0.9276033
1058372,1289952,1.0,0.9432372
1058301,1289888,0.9987860465116278,0.9804364
1058309,1289896,0.9796225882352941,0.9608805
1058126,1289704,0.8918658536585367,0.9590158
1058111,1289688,0.9898292307692308,0.94994766
1058082,1289658,0.934754,0.90373284
1058186,1289765,0.9515658333333334,0.95930463
1058177,1289756,0.9697979999999999,0.9681114
1058162,1289739,1.0,0.86367583
1057750,1289517,0.95139125,0.9736757
1056770,1288321,0.9982937500000001,0.9691897
1057720,1289487,0.946313,0.96891165
1057358,1289321,1.0,0.9664744
1041468,1271495,0.966395,0.9578471
1057055,1288609,0.8147905263157895,0.9641878
1057204,1288763,0.9694349999999999,0.9704266
1057083,1288637,0.9993980295566501,0.9714943
1057110,1288665,0.9612782608695652,0.9603465
1057031,1288585,0.9471601063829788,0.96841383
1056799,1288353,0.8698604272634791,0.9467883
1054308,1286151,0.967872,0.93983155
1056273,1287858,0.9129854077253219,0.9856532
1056298,1287885,0.8987620014503264,0.9281522
1056261,1287844,0.8909004975124377,0.96275276
1056239,1287822,0.969824,0.9743136
1056234,1287815,0.9650808571428572,0.9493306
1053252,1284826,0.9994192307692308,0.9616915
1055949,1287725,1.0,0.9377845
1055982,1287551,0.9577279279279279,0.9472935
1055723,1287291,0.9241066666666667,0.95358497
1055873,1287447,0.9124090476190476,0.9654608
1055838,1287411,0.9537254054054053,0.9593761
1055716,1287282,0.9575588235294118,0.9694107
1055834,1287408,0.9405105263157895,0.96252376
1055636,1287196,0.9074758333333333,0.9446576
1055566,1287125,0.9712280000000001,0.9473503
1055509,1287067,0.96257,0.9286661
1055527,1287086,0.9499813333333333,0.96984714
1055322,1286886,0.89234,0.9686799
1055300,1286863,0.9515,0.9652543
1055468,1287021,0.9339400000000001,0.96567583
1055260,1286814,0.9683771428571429,0.9458235
1054703,1286556,0.9142708571428572,0.9679129
1049553,1280954,1.0,0.92286795
1054692,1282904,0.9458726666666667,0.97212404
1054653,1286307,0.9081045714285714,0.9634854
1054445,1286076,0.9188319672131148,0.9749994
1054630,1286283,0.9405864,0.9631385
1054607,1286259,0.9649212543554008,0.94242173
1054034,1285644,0.9660982352941175,0.96812904
1052220,1283773,0.963149375,0.96324086
1053953,1285774,1.0,0.95741785
1053935,1285755,1.0,0.9496686
1053917,1285737,0.9061563333333333,0.9328164
1053702,1285300,0.5877773333333334,0.9719774
1053718,1285518,0.9677357142857143,0.9650258
1053500,1285099,0.8910184615384614,0.9639658
1051349,1282648,0.949566,0.90279204
1053529,1285330,0.9986628571428572,0.95493174
1053445,1285040,0.9327785714285715,0.96390206
1051079,1282746,0.9598625000000001,0.97716635
1053280,1284857,1.0,0.94877183
1053251,1284825,1.0,0.96156883
1053092,1284675,1.0,0.9644262
1053090,1284673,0.9506,0.9321945
1053217,1284783,0.8352065789473684,0.9648512
1053041,1284620,0.9519333333333334,0.78221273
1052607,1284165,0.9513595238095238,0.96343565
1052548,1284084,0.9042357142857143,0.9527335
1052545,1284081,0.8485166666666666,0.97880656
1052477,1284009,0.9530157142857142,0.95385164
1052485,1284017,1.0,0.9621137
1052295,1283849,0.9590821428571429,0.9385203
1052469,1284000,0.9844055,0.93592846
1052225,1283778,1.0,0.9561172
1052387,1283511,0.9983635294117648,0.9450361
1052168,1283715,0.928595238095238,0.9451715
1052376,1283497,0.9254299999999999,0.95191777
1051809,1283310,1.0,0.97765136
1052102,1283645,0.998676,0.96113807
1051764,1283258,0.949324,0.9492964
1051720,1283038,1.0,0.947182
1051710,1283027,0.9714925,0.9728274
1051694,1283010,0.9204833333333333,0.8764135
1051410,1282893,1.0,0.95127463
1051442,1283126,0.9682216666666666,0.92479324
1051609,1280843,0.957390291262136,0.97377366
1051591,1282697,0.96598375,0.954795
1051355,1282656,0.9572766666666667,0.9825464
1041216,1271243,0.9236564285714286,0.9615709
1051124,1282796,0.9496935,0.9543137
1051048,1282512,0.9436786666666667,0.98293954
1050995,1282456,1.0,0.95386714
1051186,1282273,0.9536,0.9608514
1050921,1282201,0.964392,0.94489485
1050934,1282215,0.95424,0.95525455
1050905,1282184,0.9555833333333333,0.95616114
1015745,1243424,1.0,0.964452
1050143,1281588,0.9506716666666666,0.9620844
1050329,1281759,0.9671453333333333,0.92462486
929732,1150483,0.895598,0.9497835
1050229,1281452,0.952934375,0.95653164
1050080,1281522,0.9971416666666667,0.9822551
1050014,1238176,1.0,0.9518894
1033731,1263308,0.9863622418879057,0.97402894
1049691,1281117,1.0,0.9735619
1049522,1280922,0.9988499999999999,0.9578605
1049562,1280778,0.9512939130434782,0.95585614
1049201,1280399,0.8091825,0.9277672
1049225,1280429,0.9611681818181819,0.97229624
1026422,1255604,0.94887625,0.8630004
1049180,1280376,1.0,0.950909
1048887,1280067,0.07583432203389825,0.9719364
1048874,1280053,1.0,0.9535659
1048337,1279457,1.0,0.9707584
1048016,1279150,0.9205644000000001,0.95296174
1047552,1278645,1.0,0.96017176
1048535,1279878,0.9776658536585366,0.94170856
1047357,1278450,0.5268554285714285,0.9257162
1048710,1279676,0.9474171428571428,0.97197974
1048659,1268499,0.8885507886435332,0.9673941
1048621,1279579,1.0,0.94987196
1048051,1279189,0.9476548571428571,0.9266469
1048572,1279521,0.9666083333333333,0.9479705
1048083,1279221,0.9995713804713805,0.97619134
1048215,1279332,1.0,0.9637678
1036762,1266440,0.9495437974683545,0.9629329
1031182,1260588,0.9482117142857144,0.9541931
1047982,1279112,1.0,0.9500625
1043020,1273514,0.9535191530317613,0.8945389
1045540,1276155,1.0,0.966227
1047368,1278245,0.8997158333333334,0.95933825
1047604,1278501,0.9574812500000001,0.95537186
1047322,1278411,0.966265,0.93397117
1015821,1243307,0.9671723076923077,0.9520441
1044585,1274957,0.8984106666666667,0.9287093
1047248,1278330,0.948162,0.91753626
1047409,1278289,0.9493966666666667,0.9254949
1047260,1278343,0.7478,0.9552639
1045978,1276606,0.9470264744429882,0.9768608
1047133,1264757,1.0,0.9833646
1047061,1272722,0.9536514285714286,0.96888167
1046905,1277969,0.9502639999999999,0.87921387
1047031,1277899,0.9535191666666666,0.9503905
1040467,1270445,1.0,0.9682767
1046255,1276891,1.0,0.9791197
1046826,1277678,0.9539409618573798,0.9567212
1046792,1277642,0.9151382142857143,0.95221907
1046552,1277600,0.9449486666666667,0.9336097
623231,798733,0.963832,0.9036173
1046653,1277507,0.963375,0.95330137
1046531,1277577,0.9544066666666666,0.92884374
1044522,1274874,1.0,0.9616384
1033007,1262561,0.9742966666666667,0.9479105
1023901,1252975,0.34447514285714287,0.920712
1046442,1277281,0.9063565,0.9560676
1031634,1261059,1.0,0.951923
1046029,1276659,0.9160833333333334,0.9601525
1045966,1237299,0.8827793749999999,0.88997865
1045472,1275880,1.0,0.96178246
1045358,1275980,0.9987541666666666,0.9457775
1045339,1275958,0.866015625,0.9717057
1040508,1270493,0.9530299999999999,0.9640163
1043332,1273448,0.9643999999999999,0.90902925
1044661,1275039,0.896482474226804,0.936966
1040196,1270150,0.9671309090909092,0.96305335
1045045,1275442,0.5951405714285714,0.95208275
1044994,1275383,0.9954166666666666,0.9424828
1044336,1274708,0.9677899999999999,0.95288104
1044415,1274762,0.901118,0.9596238
1044140,1274483,0.9658275,0.9753832
1044073,1274411,0.9949529411764706,0.94443464
952346,1173097,0.9038242794759825,0.96218354
1044042,1274378,0.9973814285714285,0.9776137
1036033,1265698,0.9474086206896553,0.9621024
1007963,1234415,0.96287,0.7617547
1031255,1260665,0.9987672,0.96908593
1043299,1273414,1.0,0.9581564
1042657,1272927,0.91423,0.93869793
1043264,1273377,0.9899157142857142,0.96717006
1043012,1273106,0.9529164705882353,0.9739199
1042746,1273032,0.9973820512820513,0.9514759
1042948,1273249,0.9262333333333334,0.9719958
1042915,1273215,0.962432,0.94241685
1042914,1273214,0.9275986666666667,0.97329223
1042630,1272698,0.9380968749999999,0.9430507
1042771,1272863,0.9643422222222222,0.9677183
1042579,1272642,0.9049188,0.9366783
1042157,1272433,0.9288,0.9729688
1041447,1271470,1.0,0.9591365
1042195,1272245,0.8929348484848485,0.93735313
1042060,1272334,0.9431608988764045,0.9608378
1041933,1272179,0.9274445833333332,0.91142523
1041844,1271881,0.9012366666666666,0.9675433
1041802,1271837,1.0,0.9567818
1041534,1271765,0.96525,0.8789942
1041507,1271736,0.9426100000000001,0.9632766
1041438,1271461,0.9617666666666667,0.9663194
1037138,1267030,1.0,0.9648006
1041173,1271194,0.9329919999999999,0.9735174
1040959,1271173,0.948245,0.95249635
1037687,1267587,0.8962559999999999,0.9696355
1040854,1270859,0.939035,0.9732854
1040729,1270918,0.9564,0.9575182
1040538,1270728,0.9697289156626506,0.9434936
1040671,1270658,0.97552,0.9796033
1040679,1224929,0.9520591428571429,0.78629214
1040663,1270648,0.9532233333333333,0.94088936
1037108,1266995,0.9245376,0.9377491
1040421,1270396,1.0,0.9456544
1038627,1268536,0.9996962857142858,0.9557072
1033722,1263299,0.9458933333333333,0.9604073
1031022,1260445,0.9974627503337784,0.95470124
1039496,1269430,0.9480666666666667,0.9538429
1039330,1269270,0.94932375,0.952763
1039279,1269219,0.965458962264151,0.9550357
1039478,1269412,1.0,0.9442713
1039258,1269197,1.0,0.95007503
1038907,1268841,0.9980513888888889,0.9603288
1038475,1268396,0.9500447619047618,0.9677531
1032033,1261465,1.0,0.9504341
1028642,1257996,0.9533367741935483,0.91986704
1038617,1268526,0.9047367861885789,0.9656028
1038476,1268397,0.998325,0.96844727
1038609,1268518,0.9511129584352077,0.9493201
956756,1177507,0.967875,0.97109616
1038602,1268311,0.9675285714285714,0.98393124
1036857,1266739,0.95176875,0.960792
1038273,1268175,1.0,0.9603574
1037730,1267633,0.951358,0.96824336
1037873,1267769,0.9667769230769231,0.7876793
1037646,1267549,0.9517599999999999,0.95584536
1037812,1267506,1.0,0.9818626
1037540,1267432,1.0,0.9649289
1037258,1267152,1.0,0.97358817
1037231,1267125,1.0,0.9713669
1036945,1266833,0.99863,0.96384037
1037033,1266918,0.8036653846153846,0.9455855
1036749,1266625,0.9047551428571429,0.94692916
1035664,1265515,0.9021381818181818,0.9652818
1037026,1266711,0.9794939285714286,0.9178113
1036813,1266493,0.9983879999999999,0.9544672
1036774,1266452,1.0,0.96619624
1036674,1266546,0.914404,0.95943606
1031328,1260945,0.9720583333333334,0.94877154
1036707,1266569,0.966158,0.9519376
1035592,1265240,0.967036,0.94627666
1036700,1266575,1.0,0.96368206
1036680,1266554,0.8953366666666668,0.9497296
1036113,1265980,1.0,0.96429735
1036603,1266272,1.0,0.9564736
1036305,1266166,0.998674,0.9588822
1036336,1266201,0.9663999999999999,0.97302055
927235,1147986,0.9989030000000001,0.9600557
1035167,1264803,1.0,0.95644224
1036069,1265935,0.950221875,0.95393956
1036060,1265925,0.9993809885931559,0.95956045
1034612,1264200,0.9993117021276596,0.96689236
1036017,1265679,0.96756625,0.94806296
1018242,1246490,0.9213564,0.9498723
1035817,1265453,0.8968520000000001,0.95124114
1029082,1258445,0.9681138461538462,0.9650027
1035775,1265405,0.9549871428571428,0.9752734
1035518,1265346,0.9066465277777778,0.9632806
1035381,1265001,0.9993066666666667,0.9501643
1035487,1265314,1.0,0.9679188
1035481,1265108,0.9579388888888889,0.9207599
1035373,1264991,1.0,0.8897911
1015561,1243237,0.99897625,0.99529225
1035424,1265049,0.9271891891891891,0.9646921
1034363,1263965,0.998860824742268,0.91744035
1035402,1265024,0.9139402777777778,0.9628769
1035255,1264896,1.0,0.9755069
1035062,1264673,0.6684494117647058,0.97700024
1034896,1264729,0.945883,0.9655477
1035025,1264635,0.9991119565217391,0.9571597
1034865,1264496,0.949002,0.9756828
1034807,1264434,0.9526178571428571,0.9629114
1033565,1263134,0.7917472727272726,0.9826708
1034757,1264559,0.9527240740740741,0.944096
1034778,1264402,0.954534,0.97745496
1034733,1264533,0.94762,0.85611665
1034529,1264348,1.0,0.9915675
1034017,1263597,0.75445,0.9671692
1034059,1263639,0.8880374285714286,0.866097
1034051,1263631,0.9242254999999999,0.87767816
1033948,1263735,0.9844458333333334,0.92353
1033885,1263470,0.9489274999999999,0.9439636
1033669,1263245,1.0,0.9318769
1033569,1263136,0.9018913636363637,0.95421284
1016253,1243955,0.9843500000000001,0.98265094
1033444,1263016,1.0,0.983241
1031222,1260631,0.9504037234042553,0.8265653
1033047,1262606,0.8891009900990099,0.95887846
1033033,1262589,0.9660139999999999,0.97483194
1032577,1262042,0.9681906666666668,0.92849374
1032771,1262322,0.9514685714285714,0.9784027
1032337,1262001,0.9163124839124839,0.89936537
1032352,1262015,0.91226,0.909046
1032334,1261997,0.9277903846153847,0.9347943
1032519,1262161,1.0,0.961078
1032260,1239363,0.89122875,0.9374227
1032392,1261826,0.8981866666666667,0.97698414
896003,1116554,0.9457323333333334,0.9060481
1032057,1261491,1.0,0.9303154
1031861,1261514,0.9472206666666666,0.9466335
1031991,1261421,0.8994876404494383,0.9719497
1031780,1261232,0.9534716666666666,0.97011226
1030280,1259686,0.86,0.96266943
985283,1208979,0.9984075,0.94924194
1031521,1261171,0.9048868571428572,0.9466421
1031691,1261317,0.9565666666666667,0.939285
1022421,1251209,0.9668,0.9694122
1031500,1261148,0.9509357142857143,0.9145002
1031647,1261072,0.9647678571428571,0.97072095
1031462,1260908,0.95477,0.9524725
1031468,1261116,0.9663338954468802,0.9674721
1031631,1261051,1.0,0.9272418
1004345,1230963,1.0,0.98067665
1031278,1260692,0.9239133333333333,0.96068007
1031054,1260478,0.86383,0.96364623
1024037,1241997,0.9474494404883012,0.94743204
1030851,1260247,1.0,0.96784705
1026295,1255458,0.9990173333333333,0.9701588
1030778,1260168,0.911140625,0.9602659
1030558,1260144,0.9990233333333334,0.9654373
1030354,1259963,0.6671463529411765,0.97676075
1030551,1260140,0.9685360000000001,0.9688727
1030264,1259669,0.9954716666666666,0.8580826
1028867,1258221,0.9506814814814816,0.9641276
1029779,1259350,0.953907,0.9755792
1029334,1258696,0.9512633333333333,0.9595231
1029200,1258554,0.9464422222222222,0.9637919
1028658,1258012,0.7902316666666668,0.9652498
1028586,1257937,0.9541885714285714,0.95613956
1028591,1232487,0.9981923809523809,0.95759046
1028216,1257811,0.980251388888889,0.8492205
1028164,1257750,0.9427982142857143,0.95611405
1027931,1257522,1.0,0.97950274
1026242,1255399,1.0,0.9558089
1027807,1257185,0.94873875,0.96274376
1019978,1248729,0.9469271428571427,0.9278774
1014115,1241473,1.0,0.87964875
997918,1223033,0.9032074712643677,0.9538199
1027182,1256393,0.88931,0.9757916
1026962,1256149,1.0,0.9699111
823400,1031964,1.0,0.97245336
1025950,1255527,0.8982704545454545,0.9652908
1025947,1255524,0.95249,0.949276
1026594,1255768,0.9201376666666667,0.9094469
1011358,1238439,0.95665,0.84717023
1026463,1255647,0.9459333333333334,0.95852715
1026434,1255617,0.8341927777777778,0.960957
1026311,1255476,0.9587775000000001,0.82090807
1024126,1253236,0.9300575000000001,0.96945614
1026174,1255326,0.9667824242424242,0.9609697
1025554,1254711,0.9670943699731904,0.9510921
1025596,1254758,0.9634658333333334,0.9523759
1025583,1254745,0.9301566666666666,0.96909916
1025579,1254741,0.42191999999999996,0.92569345
1025574,1254736,0.9455706666666667,0.85662305
1024600,1253504,0.9470260869565217,0.96492904
1025108,1254242,0.949548,0.9166812
1025100,1254234,0.9449049562682216,0.78156036
1025163,1250948,0.9360231250000001,0.9614778
1024798,1253935,0.9991726666666667,0.9685271
1015995,1243475,1.0,0.97253823
1024480,1253604,0.9404733333333334,0.90490574
1024122,1253232,1.0,0.9417099
1020621,1249409,0.8946614285714286,0.8605272
1023946,1253026,0.48892857142857143,0.9508014
1023909,1252985,0.8934052380952382,0.8376116
1023972,1252863,0.9986590909090909,0.9433687
1023842,1252710,0.9143751824817519,0.953306
1023860,1216633,0.902641,0.9633993
1023704,1252790,1.0,0.96134025
1020966,1249765,1.0,0.9204645
1023802,1252659,1.0,0.97668314
1023555,1252607,0.9220577142857143,0.95890075
1023542,1252591,0.8344416666666667,0.96947277
1023275,1252098,0.947364,0.95209134
1023219,1252042,0.947443,0.88080275
1023172,1251991,0.9801714285714286,0.9739476
1022961,1251977,0.8973137499999999,0.9566309
1022829,1251638,0.9555870000000001,0.9712253
1022452,1251246,0.9994125,0.9820404
1022563,1251342,0.9133116666666666,0.9600957
1019242,1247917,1.0,0.9565152
1022134,1249057,0.9702777777777778,0.9812338
1020342,1249518,1.0,0.97002345
1010659,1237484,0.901895,0.90257204
1021379,1250132,0.9987359375,0.97732604
1020990,1249791,0.947,0.9460051
1020845,1249631,0.9701554471544716,0.9452794
1020640,1249431,1.0,0.9780518
1020400,1249172,1.0,0.96823895
1020546,1249328,0.9735860805860806,0.9711115
1020343,1249517,0.9718913333333334,0.9415334
1020326,1249101,0.9821847222222222,0.9312964
1020303,1249076,0.9665330188679245,0.92161006
1020291,1249063,0.9475528571428571,0.8630516
1020220,1248987,0.9690280000000001,0.96247584
1009012,1235713,0.9667934156378601,0.9754869
1020042,1248799,0.9515341666666667,0.9649421
1016497,1244208,0.9519344999999999,0.9656574
1018112,1246536,0.9676973333333333,0.9543964
1018997,1247277,1.0,0.9653738
1019261,1247939,0.9661808000000001,0.97087973
905122,1125673,0.9415916666666667,0.9506383
1019040,1247720,1.0,0.7027084
1017623,1245399,0.613294,0.831934
1016236,1243600,0.952573,0.94773835
1018707,1247175,0.921268,0.960909
1016245,1243947,0.9478690000000001,0.9473196
1018784,1223441,1.0,0.9747437
1014923,1242541,1.0,0.94630426
1018550,1247002,0.8589829999999999,0.97107446
1017154,1245518,0.9680581952117864,0.9570196
909295,1129846,0.9578120000000001,0.9486912
1018373,1246604,1.0,0.9629375
1018080,1246267,0.9144022857142857,0.9419613
1017343,1245314,0.9955948717948718,0.9867466
1018056,1246243,0.95318125,0.96474826
1016154,1243851,0.7805690000000001,0.9486904
1017756,1230475,0.968355,0.9757417
1017495,1245670,0.9991047999999999,0.94513553
1017697,1222732,0.951984,0.93133736
1017589,1245362,0.951140157480315,0.9526228
1017282,1245239,0.9615969999999999,0.9773073
905862,1126413,1.0,0.9728124
1016554,1244271,0.8859699999999999,0.95161754
1016562,1244074,0.4853978571428571,0.9503578
1016371,1243869,1.0,0.9499044
1016140,1243837,0.9549500000000001,0.95655996
1016107,1243800,0.9993320044296787,0.90735555
1015178,1242610,1.0,0.94062346
1016039,1243723,0.9426953125,0.96585643
1015990,1243471,0.9502889999999999,0.98615795
1015893,1243585,0.9539009259259259,0.96695143
1015882,1243574,0.951345,0.929802
1015827,1243516,0.9388257142857143,0.95430815
1015820,1243306,0.9983993103448277,0.9690389
1015628,1243095,0.9531717171717171,0.925391
888558,1105000,0.15361857142857147,0.9042807
1015136,1242776,1.0,0.91890025
1015102,1242732,0.953504,0.957904
1014937,1242558,0.92068,0.9831389
1012953,1240726,1.0,0.94716233
1012584,1239715,1.0,0.9471489
1015029,1242450,1.0,0.9568185
1014847,1242247,1.0,0.9640133
1014734,1242349,0.9472535,0.9670491
1014541,1242130,0.9630165714285714,0.9388671
1014586,1241972,0.9475493055555555,0.96237665
1014422,1241794,0.9979711428571428,0.9398657
1014584,1241970,0.9319775,0.9751863
1014405,1241777,0.8628491666666667,0.9700704
1014352,1241935,1.0,0.9489601
1014377,1241746,0.9991320833333333,0.94397694
1014291,1241667,0.9667333333333334,0.90166616
1014100,1241456,0.9493471264367815,0.9525145
1008716,1235410,1.0,0.9732232
1013809,1241164,1.0,0.939589
1012890,1240055,0.667466307277628,0.91708076
1013112,1240284,0.96838,0.9730301
950998,1171749,0.9174720000000001,0.9596586
1012106,1239227,0.9647308333333333,0.9549784
1012136,1239258,0.9666596078431372,0.970404
1012281,1239399,1.0,0.76287633
1011650,1238742,1.0,0.97046596
1012204,1239111,0.8192106666666666,0.93402094
1012019,1239132,0.9499708894878706,0.9573138
1012022,1239135,0.9686516666666667,0.9654482
1011693,1238790,1.0,0.9389049
1011873,1238969,0.803268,0.9754239
1011652,1238744,0.1147244094488189,0.81748396
1011655,1238747,0.9471061538461538,0.9817922
1010624,1237445,0.9554837142857143,0.95753026
1011404,1238268,1.0,0.9503002
1011319,1238392,0.9983275,0.922823
1011164,1238013,0.9467866666666667,0.9655416
1010915,1237960,0.9837807692307692,0.9204815
1011055,1237907,0.94737,0.79918844
1011087,1238141,0.9503286231884058,0.94190335
1010894,1237938,0.953035,0.975893
1011017,1237862,1.0,0.93485445
1010998,1237838,0.9710125,0.89024866
1003727,1230332,0.9474745833333333,0.86854583
1010496,1237519,0.9703416666666667,0.94426805
1010493,1237515,0.9491066666666668,0.96790004
1010411,1237221,0.87749,0.9515794
1010410,1237220,1.0,0.9683708
878883,1093661,0.9091775000000001,0.9389753
1010321,1237328,0.9061613333333334,0.9530858
868543,1082275,0.913744,0.96950626
1010303,1237107,1.0,0.941309
926571,1147322,0.9856956666666666,0.9441919
1009946,1236925,0.9437566666666667,0.97891027
1001931,1228137,0.9573278571428572,0.944006
1010000,1236786,0.999084,0.9671739
1010003,1236791,0.9994260000000001,0.80969256
1010030,1236819,1.0,0.9734716
1010191,1223825,0.9667540322580646,0.9734288
1003720,1230324,0.967825,0.9718156
1010015,1236804,0.9582185915492958,0.9591336
1009833,1236591,1.0,0.9369999
1009540,1236291,1.0,0.8591573
1009673,1236440,1.0,0.96166927
1009763,1236516,0.9683120000000001,0.9570471
1009531,1236281,1.0,0.9704923
1009563,1236313,0.9494477777777779,0.94869643
1009453,1236186,0.7594168958742633,0.93396145
1009301,1236041,0.9294030000000001,0.97040296
1009294,1236034,0.95993,0.95902956
1009413,1236139,0.9954504761904761,0.97392696
994506,1219134,0.9694493333333333,0.92791814
1003712,1230316,0.9561033333333333,0.96932274
1008915,1235633,0.8904996,0.9501737
1008845,1235560,0.495097,0.89554906
1008832,1199872,0.8678105714285714,0.92988837
1008504,1235214,0.8414147999999999,0.9395827
1008519,1235231,1.0,0.9549341
1006841,1233198,0.9921684955752211,0.8844432
1008635,1235322,0.9683480701754386,0.93490326
1008099,1234769,0.9485851851851852,0.95911247
1008057,1234724,0.9730340000000001,0.96251994
1007751,1234402,0.8948266666666668,0.97906816
1007711,1234353,0.8958979166666667,0.9590919
1007073,1233435,0.9711333333333333,0.95032847
990658,1214645,0.9529662499999999,0.96539956
1005939,1232513,1.0,0.9817016
1007386,1233777,1.0,0.92248064
1007014,1233372,0.9995326666666666,0.89463407
1006812,1233165,0.9529957746478874,0.97586834
1002546,1228817,0.9195333333333333,0.90112895
1006769,1233120,0.9676325,0.9838177
1006398,1232816,0.9114275000000001,0.97214884
1006579,1232989,0.0,0.9384468
1006564,1232974,0.8934507666098808,0.9474209
1006372,1232788,0.9531738562091503,0.9658384
1006364,1232779,0.8535844827586206,0.99550694
998521,1223683,0.8604090909090909,0.96237534
1006236,1232629,0.9568300000000001,0.93170863
1005977,1232359,0.7544254285714286,0.96141565
1005627,1231984,0.5980442857142857,0.95091313
998222,1223354,0.9989434782608696,0.93387765
1005145,1231824,0.8270833333333333,0.9564617
1005579,1231932,0.963072,0.96502244
1005161,1231842,0.9486610000000001,0.9569234
1004991,1231451,1.0,0.95158064
1004670,1231103,0.998753036437247,0.9646972
1004462,1230902,0.9527983695652175,0.97520715
994164,1218570,1.0,0.96816516
1004151,1230781,0.9424057142857143,0.9573847
1004114,1230744,1.0,0.9820321
1004215,1230623,1.0,0.9721693
1004175,1230581,0.9090633333333333,0.9339299
1004044,1230468,0.961975,0.9575424
1004167,1230573,1.0,0.92849356
1003925,1230523,0.22627874999999995,0.92333496
1003771,1230160,0.8552083333333333,0.9391949
1003708,1230112,0.9320802083333333,0.9702242
977839,1200662,0.9979728706624607,0.96589756
1003633,1230029,0.9146860000000001,0.9591403
1002291,1228520,0.8987215000000001,0.9697253
1003549,1230136,0.9627129999999999,0.90127057
1003451,1229814,0.9567284457478006,0.9718845
1002894,1229179,0.9502552529182879,0.9725435
1003031,1229105,1.0,0.957881
1003025,1229098,0.9073520588235294,0.9578042
1002534,1228805,0.9953719999999999,0.9567261
1001258,1227246,0.9076442857142857,0.93199986
1002440,1228499,0.9991583333333333,0.9474522
1002443,1228502,0.94211875,0.96257925
1002404,1228462,0.954275,0.96961653
1002337,1228570,0.9506753333333333,0.98299575
1002303,1228533,0.9255979999999999,0.9408632
994522,1219151,1.0,0.9709347
1001994,1228025,0.9533026666666667,0.97828203
994808,1219248,0.9567612903225807,0.9794025
1001727,1227944,0.9625666666666666,0.9717132
1001868,1227672,1.0,0.94147235
1001484,1227075,0.9485486766398159,0.97889304
1001343,1227537,0.6125722222222222,0.9703831
1001335,1227527,1.0,0.9352849
918617,1139168,0.9486585714285714,0.9496211
1001151,1226934,0.9109914285714287,0.9585532
1001241,1227225,1.0,0.98528355
1001365,1226948,0.9664037037037037,0.989078
1000967,1226719,0.999325,0.9543211
1000468,1226109,0.9984773869346734,0.9791695
1000643,1225894,1.0,0.9495278
1000396,1226025,0.9798006666666667,0.9541052
1000594,1225838,0.762480459770115,0.9526865
1000321,1225763,0.9184583333333334,0.9741912
1000262,1225489,0.9216465217391304,0.96051514
1000267,1225496,1.0,0.91584545
973424,1195423,1.0,0.93931836
999816,1225200,1.0,0.97881716
999634,1225015,0.9528916666666667,0.9072178
991421,1215585,1.0,0.9458164
999763,1225141,0.9985824999999999,0.9615144
990118,1214090,0.9320633333333334,0.95464647
982018,1205205,0.9556580419580419,0.94312143
999295,1224664,0.9579875,0.9550017
999250,1224611,0.9866879999999999,0.9379956
999248,1224609,0.9544345714285714,0.74002826
998880,1224254,0.9567733333333334,0.9650829
998505,1223666,1.0,0.9470796
998515,1223677,0.947591452991453,0.90051806
981610,1204772,0.9294375,0.94430876
998499,1223660,0.7772379310344827,0.93071663
998559,1224123,1.0,0.97755766
998530,1223692,1.0,0.9655645
996693,1221746,0.96797,0.952536
984625,1207858,0.811461875,0.9746768
998194,1223321,0.9565755952380952,0.95505655
956877,1177628,0.4426211428571429,0.9602902
998014,1223147,0.99811,0.9540627
997879,1222991,0.9475558333333334,0.9656296
993894,1218497,1.0,0.9487982
996517,1221561,0.96273,0.93696463
997328,1222429,0.8909562857142858,0.9527708
997734,1222858,0.9519,0.9600139
996748,1221810,0.9994662857142858,0.9724902
997329,1222430,0.971092142857143,0.97181517
997490,1222576,0.9618392857142858,0.93337077
997241,1222324,0.9169095238095238,0.90584
960175,1180926,0.8618944680851064,0.95131004
997204,1222081,0.946275,0.9469228
996934,1222005,1.0,0.9554714
996440,1221072,0.9552585714285715,0.95694196
994715,1219368,1.0,0.96807784
996255,1220872,0.8432516666666667,0.960132
996550,1221600,0.7402254545454545,0.967964
995281,1220051,0.9497350000000001,0.95605993
996814,1221675,0.966786,0.9621107
996977,1221844,0.9426333333333333,0.77199197
978549,1201594,0.9667818181818182,0.7410509
996595,1221240,0.9690850000000001,0.9643984
996437,1207167,0.9533357142857143,0.98086387
996150,1220973,0.9695756756756756,0.9733875
996199,1220811,0.9565537500000001,0.93979234
996053,1220657,0.9493398550724638,0.9465015
995878,1220466,0.9239557142857143,0.81746674
990813,1215022,0.9475983333333333,0.95968914
976241,1198992,1.0,0.95150805
994078,1218276,1.0,0.95060897
995527,1219898,0.9979368421052631,0.9755695
995296,1220067,0.9661436083408885,0.9561207
993768,1218360,0.9833691666666667,0.5944421
986535,1210713,0.99908,0.9560151
994796,1219235,0.7540808571428572,0.89561635
987906,1211911,0.9296626666666667,0.95920986
995410,1219764,0.9097828,0.9514688
995009,1219474,0.9470506666666667,0.9595751
993852,1218450,1.0,0.9648712
994681,1219327,0.996175,0.9742979
994525,1219155,1.0,0.9344393
994529,1219159,0.96826625,0.9497259
994284,1218704,0.96155,0.92312443
994249,1218661,0.4358504,0.95527995
993953,1218760,0.9345482352941177,0.9573741
994182,1218589,0.7660628,0.95051277
994110,1218310,1.0,0.9229254
993754,1218142,0.9824216666666666,0.9282479
993503,1217873,1.0,0.9512342
984853,1208287,0.996814,0.9437021
992433,1216930,0.9569460000000001,0.95826215
992576,1216699,0.9535171084337349,0.97018677
992218,1216515,1.0,0.9764868
991987,1216426,0.9674235000000001,0.9804646
991964,1216398,0.9242363636363636,0.97535485
991923,1216206,0.9587,0.8875078
991819,1215874,0.942645,0.94094
991639,1216052,0.80305,0.9815831
991801,1215848,0.7351725,0.97692096
990816,1215027,0.92276,0.92748183
990709,1214704,0.947562857142857,0.96113217
990789,1214995,0.720935401459854,0.7596322
990527,1215118,0.9526,0.9645155
990688,1214679,0.9062979999999999,0.94436103
990687,1214678,0.9967972222222221,0.93159926
973618,1195644,1.0,0.9709369
988301,1212357,1.0,0.96920186
990324,1214293,0.9983928571428572,0.9512027
990043,1214009,0.969442,0.9668474
989786,1213555,0.9523557692307693,0.95936
989313,1213275,0.9555936363636365,0.94059914
989511,1213470,0.9666575,0.96598506
989253,1213209,0.9667579166666667,0.8603727
987006,1210956,1.0,0.9661733
973488,1195496,0.8894077142857143,0.8386973
977052,1199840,0.8975192857142857,0.9406864
978229,1201075,0.9329633333333333,0.9523122
988665,1212746,0.9663999999999999,0.9773115
988461,1212694,0.729804,0.9434417
988421,1212650,0.9224592857142857,0.9305666
988410,1212639,0.9989355140186916,0.98943883
985083,1208540,0.9550860000000001,0.9324168
988131,1212548,0.9375975,0.97289777
988100,1212513,1.0,0.9681264
988204,1212051,0.9354020000000001,0.9600141
987927,1212133,1.0,0.91475743
987921,1104292,0.9678240740740741,0.9574596
987825,1211821,0.7797912499999999,0.96442944
987890,1211893,1.0,0.94202346
987663,1199931,1.0,0.91271085
987633,1211667,0.7692383333333334,0.9619436
987592,1211618,0.95139,0.9489763
987770,1211761,0.959838,0.9158505
987350,1211573,0.914219587628866,0.93839836
987341,1211564,1.0,0.991827
987512,1211498,0.9991866666666667,0.9652435
987255,1211268,0.9943066666666667,0.98631287
987428,1211403,0.8491320388349514,0.9695769
987103,1211062,0.9718041666666667,0.95843595
982218,1205415,0.8318807142857143,0.95562047
986800,1210780,0.9168519607843136,0.9679295
986991,1210938,0.9991172,0.9224707
986723,1208707,0.9595175,0.9240479
986708,1210651,1.0,0.9796442
980381,1203564,0.9637631578947369,0.97981024
986491,1210464,0.9669616000000001,0.66549337
986451,1210419,0.934312,0.9499892
986308,1210220,0.9529825000000001,0.94198185
887071,1103094,0.995912643678161,0.95615816
986134,1210086,0.6730418604651163,0.97263676
986214,1210118,1.0,0.98211217
986209,1210113,0.954225,0.9581888
985932,1209831,1.0,0.9695954
985881,1110291,1.0,0.92109674
956541,1177292,0.96196,0.94505936
985800,1209283,0.35297500000000004,0.8872232
920743,1141294,1.0,0.95004725
985545,1209225,1.0,0.9322344
985357,1209065,0.970568,0.93405104
985115,1208587,0.9953913333333334,0.97714496
985493,1209160,0.9173807692307693,0.9720754
971928,1193688,0.7116129999999999,0.93296593
981516,1204694,0.9110982857142856,0.9243331
985214,1208701,0.1775666666666667,0.93738586
881823,1096974,0.9682999999999999,0.92347693
985127,1208604,0.9991941666666666,0.9743974
985107,1208571,1.0,0.9662633
951028,1171779,0.9026433333333332,0.94943595
905821,1126372,0.9254136363636363,0.9837386
984148,1207936,0.9682814285714286,0.9526297
984168,1207354,1.0,0.9703554
983992,1207560,0.9674866666666667,0.96893096
908948,1129499,0.9120983516483516,0.97161394
983890,1207254,0.9507971428571429,0.9786466
925654,1146405,0.9997402857142859,0.97210795
910917,1131468,1.0,0.95048285
968565,1189546,0.9995453333333334,0.9410057
982314,1206330,1.0,0.9716199
982256,1205459,0.95797,0.91237247
936385,1157136,0.9526758333333334,0.96336406
981929,1205316,0.9511143333333334,0.86290216
981989,1205173,0.8973808130081301,0.91798675
981878,1203600,1.0,0.9659623
980105,1203281,0.8338477777777777,0.9359969
981976,1205161,0.9698761904761904,0.94100124
975156,1198061,0.5409708571428571,0.9082762
981695,1204864,0.944862962962963,0.9547544
981482,1204656,1.0,0.9575675
981750,1204920,0.9995262857142857,0.9467448
936915,1157666,0.9630831428571429,0.9514915
967974,1188914,0.8936846666666667,0.9715619
981667,1204834,0.959670588235294,0.93666357
936206,1156957,1.0,0.93817186
974536,1196827,0.9041088541666666,0.95857424
980996,1204191,1.0,0.9688884
980494,1203685,1.0,0.9013872
979169,1202031,0.9983454545454545,0.95124876
980312,1203495,0.955055,0.90615267
979287,1202366,1.0,0.9469095
980378,1203561,0.966711875,0.96999747
980293,1203473,0.8767195,0.9446873
897153,1117704,0.79497125,0.9709536
980289,1088994,0.98582,0.92839694
918960,1139511,0.99818,0.96661156
980033,1203201,1.0,0.8566998
976577,1199336,0.9794174311926606,0.97663206
979704,1202862,0.3341911458333333,0.97200274
979689,1202847,0.9986661111111113,0.9426385
979881,1203039,0.8286334999999999,0.9499679
979666,1202823,1.0,0.859307
979659,1202817,0.969698,0.96126217
979618,1202772,0.9692972972972973,0.9429243
918917,1139468,0.9394049999999999,0.9216875
968567,1189548,0.9466288,0.91368735
979778,1202929,0.95703,0.9328459
979575,1202726,0.999406,0.95292586
978077,1200907,0.96154375,0.9642089
979090,1202183,0.9500466666666667,0.94799477
977981,1200792,0.9047217021276596,0.90451616
978944,1202004,0.9586794366197183,0.9653119
978722,1201792,0.946116,0.9636298
978602,1201461,0.8464817647058824,0.9357441
978431,1201269,0.9335664,0.9545968
978582,1201441,0.9476680000000001,0.9588476
978511,1201556,1.0,0.99190867
978498,1201543,0.9486673076923077,0.9758483
978016,1200830,1.0,0.8342676
977812,1200632,0.9993505555555556,0.95998675
977616,1200410,0.9702533333333334,0.9299369
977431,1200238,0.9664399999999999,0.9602621
977426,1200233,0.9489166666666666,0.93434
977211,1199990,0.9392176470588236,0.9299613
976164,1198310,0.8436301176470588,0.77370614
976747,1199726,1.0,0.9479337
973024,1194994,0.956788125,0.9314253
976782,1199531,0.9509533333333334,0.91618633
976592,1199353,0.9690083333333332,0.95619893
976502,1199242,0.9536,0.84459805
976345,1109300,0.9691096774193547,0.9339109
976145,1198475,0.9689688888888888,0.9386632
976108,1198433,0.9682728571428572,0.9458215
975109,1198010,1.0,0.9781497
976025,1198339,0.7269774999999999,0.9379424
876147,1090740,0.9987959999999999,0.95761925
975798,1198133,0.9558777777777777,0.9567878
975796,1103082,0.8616192307692307,0.91089654
974941,1197269,0.946558,0.9707324
975146,1198052,1.0,0.9683428
974952,1197282,0.9428666666666666,0.94624525
974543,1196836,0.9562838709677419,0.93893397
973030,1195005,0.9521025,0.9703855
974121,1196391,0.962756,0.9269945
891656,1108462,1.0,0.96187997
974043,1196096,0.9711007751937986,0.9383573
973949,1196185,0.9665216,0.9497618
878776,1093599,1.0,0.9797561
973533,1195745,0.9687100000000001,0.9834692
972106,1193858,0.9709244444444444,0.99555427
971859,1193616,0.9517616666666666,0.9720435
973293,1195306,0.9982134969325153,0.97142076
973403,1195400,0.7976224999999999,0.97045124
894072,1111239,0.9667522388059702,0.96802014
969474,1190684,0.9496541666666667,0.9504844
969359,1190774,0.8738624999999999,0.96517533
973077,1195059,1.0,0.97583365
971860,1193617,0.9730346666666667,0.9629153
972787,1194763,0.9574050000000001,0.9564781
972780,1194755,1.0,0.9445176
972414,1194369,1.0,0.9758133
972687,1194650,0.8112875471698113,0.96350753
972488,1194450,1.0,0.89965254
971991,1193734,0.9263015151515152,0.89757603
971765,1193514,1.0,0.845746
972613,1194571,0.9543941666666667,0.9572877
970343,1192002,0.9704229166666666,0.9642501
972129,1193884,0.9467396721311476,0.94988716
971914,1193673,0.998782,0.9428838
968392,1189353,0.9693722222222222,0.92285144
971708,1193447,0.9329191304347826,0.96914333
971827,1193580,0.9239062857142858,0.93070984
971529,1193277,0.9551000000000001,0.9503828
971512,1193257,0.971454761904762,0.8823056
971449,1193186,0.942681,0.94704425
971404,1193135,1.0,0.9611017
971107,1192821,0.9606399999999999,0.9713493
971058,1192766,0.9079085714285714,0.94107246
970672,1192354,0.9392,0.9185021
969830,1191067,0.9207993333333333,0.9498931
970518,1192192,0.9535797142857143,0.9322922
967513,1188647,0.9330677777777778,0.9623317
970386,1192050,0.9702378151260505,0.9391501
970196,1191441,0.9527897435897437,0.95617545
969858,1191097,0.8911526785714285,0.9590926
969733,1191172,0.9578817647058824,0.9504443
969613,1190839,0.9734175,0.9451854
883827,1099110,0.9984133333333333,0.95846045
968702,1189691,0.998705,0.97822934
968703,1189692,0.9518991666666667,0.92960536
968798,1189788,0.8246333333333333,0.972677
968685,1189672,0.96144,0.94624376
968672,1098976,0.9994639999999999,0.9416508
968370,1189329,0.9715900000000001,0.7773229
968130,1189083,0.9494094488188977,0.88057303
968114,1189063,1.0,0.9750065
968098,1189046,0.9209733333333333,0.9442827
967930,1065797,1.0,0.9134098
965918,1186766,0.9283857142857143,0.9657768
968014,1188956,1.0,0.96972144
967857,1188809,0.8925732142857142,0.90596807
967801,1188746,0.9971999999999999,0.9122901
966834,1187721,0.9979470588235294,0.9626085
967372,1188090,0.9989916666666666,0.95602185
967350,1188277,0.9566160714285714,0.9658951
967084,1187992,0.949726875,0.939236
967217,1188131,0.969598,0.9426316
966932,1187832,0.959206,0.7632294
966615,1187292,1.0,0.9371972
890538,1107152,0.9984016666666666,0.8534589
965945,1186795,1.0,0.9499391
965746,1186592,0.95503,0.95782757
875305,1089872,1.0,0.9513281
965579,1186209,1.0,0.95281124
949894,1186116,0.9492883333333333,0.9465344
892283,1109221,0.8976635714285714,0.95330316
889707,1106319,1.0,0.95725405
894434,1111619,1.0,0.94921875
894186,1111367,0.9561463736263737,0.97154945
894105,1111278,0.9169666666666667,0.9431011
894363,1111542,0.9541782352941177,0.9560031
890700,1107454,0.99796875,0.95817345
894101,1111273,0.9700129999999999,0.941943
879369,1094191,0.9290276,0.87633175
894021,1111181,1.0,0.98278105
892946,1109985,0.9979883333333334,0.9613919
893983,1111138,0.9669183925811438,0.93585277
893407,1110543,0.9746566666666666,0.94955283
893278,1110302,1.0,0.9410198
861751,1074718,0.9677166666666667,0.96387243
891753,1108605,1.0,0.97587687
891851,1108712,1.0,0.93447214
892628,1109580,0.9572852459016393,0.96377957
892563,1109519,1.0,0.8763477
892468,1109415,0.9551075,0.98563653
880773,1095754,0.9072442857142857,0.9600957
892209,1109144,1.0,0.9746368
892064,1108939,0.9987428571428572,0.9809398
891857,1108768,0.9519700000000001,0.9729588
891913,1108775,1.0,0.9316912
891804,1108720,0.9540214285714286,0.96704847
890942,1107660,1.0,0.9881156
891622,1108421,0.9359741666666667,0.94960606
891558,1108357,0.8965056,0.93970484
891547,1108345,0.755588,0.9522379
868942,1082728,0.8916042512077296,0.7382632
891404,1108279,1.0,0.92750067
887606,1103896,1.0,0.9553447
891272,1108073,0.9333705882352942,0.95522803
885250,1100861,1.0,0.961631
891103,1107892,1.0,0.8549606
890816,1107523,1.0,0.97960913
890569,1107234,1.0,0.98926586
890620,1107212,0.972578,0.9563718
890527,1107141,0.9974208333333333,0.974196
890515,1107126,0.9535460526315789,0.96973115
890401,1076196,0.9673178365937859,0.9661599
888296,1104641,0.7428085,0.975739
890159,1106737,0.9550875,0.96795046
890155,1106733,1.0,0.9468383
889794,1106358,0.9429583333333333,0.9655286
887942,1104265,0.964974011299435,0.9681658
889797,1106361,1.0,0.93599117
889741,1106278,0.9005650000000001,0.9716044
889684,1106242,1.0,0.9680312
889548,1106051,0.925704,0.95986223
872334,1086519,1.0,0.97561455
889263,1105708,0.9403733333333334,0.9628556
889198,1105724,0.9213541666666667,0.97622144
889094,1099694,0.9579957333333332,0.92813474
883026,1098284,0.9657382716049382,0.9534287
888402,1104758,0.9279511428571429,0.75003356
888223,1104570,0.91524,0.96325105
888068,1104353,0.97255,0.9253711
862217,1075146,0.9524358333333333,0.9611096
885249,1100860,0.8936444444444445,0.95389956
887616,1103747,1.0,0.97719294
887364,1103461,0.9993493055555555,0.94516414
886292,1102106,0.9595290196078432,0.94517785
887402,1103555,1.0,0.9708717
879707,1094682,1.0,0.9618354
864135,1077297,0.9420822916666667,0.9659158
886664,1102665,0.9550980769230769,0.97701263
885797,1101568,0.9990527777777778,0.9614201
886294,1102108,1.0,0.9729743
886116,1101853,0.95676,0.95726705
885916,1101646,0.9233814814814815,0.9579959
885909,1101692,0.9479743333333334,0.9657842
885922,1101652,0.9499641666666666,0.95267713
885747,1101459,0.9616199999999999,0.9483687
885489,1101184,0.9381074204946996,0.9668674
885522,1101214,0.9683696,0.94889945
873624,1087946,0.9434170000000001,0.95719373
885280,1100892,1.0,0.94424975
867529,1081136,0.9690989830508474,0.9420491
884965,1100497,0.8097752,0.94528997
884963,1100495,0.9244479999999999,0.9502924
884903,1100484,0.943684,0.95323384
884691,1100151,0.985375,0.87875915
882899,1098157,0.9495267999999999,0.9468421
884627,1100072,0.9983344000000001,0.94263494
882221,1097393,0.9980184615384615,0.9257869
884502,1099939,0.9473510416666666,0.9803565
884501,1099938,0.949946,0.92601264
884403,1099831,0.9127274999999999,0.8956975
884395,1099822,0.9452916666666666,0.9389478
881875,1097026,0.8408522857142857,0.9030069
879516,1094336,0.9703243902439025,0.97220176
884048,1099390,1.0,0.9748294
884064,1099350,0.9559633333333333,0.9820678
883986,1099321,0.9505750000000001,0.96681815
883984,1099318,0.971922,0.95750654
883958,1099296,0.9665878419452888,0.9089401
883831,1099164,0.9984133333333333,0.9517092
883717,1098997,0.9562965,0.94767123
883638,1098961,0.9233133333333333,0.9845082
883605,1098929,1.0,0.9746581
883572,1098791,0.9983258333333334,0.9891585
883431,1098696,0.956686,0.93553776
883129,1098382,0.9500185714285715,0.96738416
883173,1098426,0.9574631578947368,0.96547455
882960,1098267,0.49144,0.96518373
882885,1098142,0.9539933333333334,0.90482944
882779,1098029,0.9732000000000001,0.9287043
881888,1097041,1.0,0.90519035
882431,1097601,0.9991183333333333,0.9686664
882462,1097640,0.99784,0.9505011
882355,1097577,0.97174,0.9591259
882365,1081056,0.9579822857142857,0.9613499
882246,1097471,0.9450735294117647,0.9502337
882226,1097400,0.9492857142857143,0.91159827
882118,1097284,0.3905476,0.91662663
882090,1097250,0.9484805555555555,0.94861317
881765,1096841,0.9508,0.98080724
881074,1094906,1.0,0.9476808
881339,1096408,0.9983285714285715,0.9612373
877615,1092291,1.0,0.98746467
878872,1093649,1.0,0.96632016
880407,1095436,1.0,0.94820595
880347,1095310,0.6715754285714286,0.8945242
880366,1095342,0.93823,0.952376
880286,1095260,0.9525492857142858,0.96617055
879844,1094774,0.78869375,0.78584176
879744,1094635,1.0,0.9546993
869300,1083150,0.9529076923076923,0.9551664
879631,1094506,0.95925,0.9685042
879398,1094275,1.0,0.81918025
879404,1094281,1.0,0.94747627
879372,1094194,0.9067426666666666,0.94675285
879297,1094167,0.9983350588235294,0.9748865
879363,1089780,0.9694666666666667,0.9778148
879316,1094083,0.9966283333333334,0.978819
879262,1094129,0.9683858333333333,0.94352573
879160,1093975,1.0,0.9551335
878770,1093592,0.9985237499999999,0.94709444
878701,1093515,0.924296577946768,0.9820155
878553,1093310,0.9992409999999999,0.9530251
871859,1086018,1.0,0.8900641
865198,1078449,0.9226410501193318,0.9435503
877420,1092084,0.9665171428571429,0.8194433
877956,1092711,1.0,0.8542506
877787,1092506,0.9401411764705883,0.98235935
877707,1079657,0.869888,0.928597
877581,1092340,1.0,0.94529945
877577,1092336,0.9967643749999999,0.94939065
877441,1092111,0.9506788461538461,0.94803935
877399,1092139,0.8912914285714285,0.9271273
872341,1086528,0.953094,0.9401084
876560,1091234,0.957834,0.9617643
876510,1091112,0.8712012499999999,0.9625099
876293,1090939,1.0,0.9721666
875547,1090055,1.0,0.9302257
876156,1090749,0.869828,0.9427792
875979,1090577,0.9489577464788733,0.97608846
874530,1089016,0.9989285714285714,0.9565149
862642,1075690,0.9571956521739131,0.96645117
875843,1083667,0.9626263333333334,0.97052383
874464,1088937,0.9175187499999999,0.94247913
875646,1090228,0.9561458333333334,0.9363268
875113,1089608,1.0,0.9552933
875569,1090125,0.9662631578947368,0.9296703
875338,1089843,0.9354827777777777,0.9070549
875528,1090036,0.9507156666666667,0.8987365
871193,1085240,0.5998854285714285,0.89162755
782812,985845,0.9297138297872339,0.96754646
875251,1089750,1.0,0.9495566
875224,1089720,0.952190350877193,0.9778717
874395,1088866,1.0,0.9361003
875114,1089610,1.0,0.9607022
875005,1089497,0.9937966666666667,0.95083445
874907,1089394,0.9515368131868133,0.95899445
874747,1089245,1.0,0.9811653
874642,1089135,0.9140206666666666,0.9934488
874671,1089102,0.9682565217391303,0.94573104
871228,1085299,0.9507635416666667,0.9725042
874510,1088989,0.71616375,0.9352922
771059,972795,1.0,0.9695046
874021,1088361,1.0,0.9621396
873947,1088335,0.9995450000000001,0.9032646
873954,1088343,0.8428777777777778,0.93556386
873784,1088163,0.8020088888888889,0.9772238
873468,1087769,1.0,0.93704236
872959,1087242,0.9513477124183007,0.8843424
872859,1087176,0.9657915492957746,0.9543792
871883,1085988,0.016311805555555513,0.9563107
872275,1086464,0.9543011428571428,0.96912664
872250,1086434,0.96989375,0.9908442
871319,1085394,0.9480000000000001,0.9516166
870019,1083952,0.9996891428571429,0.96310604
871812,1085913,0.9996058064516129,0.9594469
871679,1085760,0.97144375,0.9646317
871639,1083144,0.9990280639431616,0.9771001
871467,1085532,0.9546499999999999,0.95695466
871158,1085275,0.948738,0.987701
871372,1085429,0.9597682352941176,0.96304715
871230,1085301,0.9573521428571429,0.93945074
871287,1085339,0.9702139999999999,0.9548055
871213,1085280,1.0,0.95881635
870854,1084935,0.9519129999999999,0.9653342
847448,1058937,1.0,0.97770107
870610,1084624,0.9737809999999999,0.98428166
870699,1084718,1.0,0.97894645
870710,1084730,1.0,0.91280234
870332,1084305,1.0,0.94516045
870271,1084187,0.9682483606557376,0.9585359
870140,1084132,0.9426414285714285,0.9227219
870061,1084001,1.0,0.96290773
870037,1083973,1.0,0.88576937
870014,1083946,1.0,0.9464475
867618,1081230,0.9435800000000001,0.9778876
869898,1083799,0.5910942857142857,0.9546954
869720,1083640,0.9995200000000001,0.956602
869761,1083734,0.9654636363636363,0.9638807
869722,1083642,0.8188500000000001,0.9546925
869696,1083586,0.973484705882353,0.9235392
869561,1083524,0.9466706293706293,0.94348294
869525,1083436,0.9634468899521531,0.8871747
869471,1083301,1.0,0.9629037
869186,1083001,0.9582533950617284,0.91072756
869113,1082859,1.0,0.97366154
868862,1082606,0.9966166666666667,0.8438736
868936,1082722,0.9603768339768339,0.93558186
868784,1082576,0.9931816666666667,0.9509452
868392,1082166,0.9591371428571429,0.938166
868438,1082144,0.9604,0.93861765
811962,1019060,0.9712841666666666,0.9616741
827283,1036227,0.8691903333333333,0.8855102
867295,1080905,0.9487684999999999,0.9633346
868075,1081729,0.9990261904761905,0.9630362
868012,1056855,0.9431166666666667,0.9024401
867979,1081630,0.9537530000000001,0.95170194
867876,1081513,1.0,0.9665718
867893,1081535,0.9987552447552448,0.9622336
867879,1081514,0.9544208333333333,0.9609034
867829,1081448,0.998764,0.96744436
867826,1081444,0.79217625,0.9603886
867756,1017596,1.0,0.8530042
867780,1081409,0.7120266666666667,0.89767975
865523,1078839,1.0,0.9649588
867685,1081306,0.9645474285714287,0.92390966
867569,1081190,0.9453403703703703,0.95743805
867508,1081164,0.9694564705882353,0.9534624
860483,1073280,0.9514688524590164,0.9719055
867393,1081009,0.9231606820461383,0.9693567
867399,1081065,0.9496019656019656,0.88216347
867416,1080962,0.8976973333333332,0.91183853
861835,1074752,1.0,0.985921
847089,1058541,1.0,0.9374195
866506,1080024,0.996656,0.9677532
866493,1079957,1.0,0.9356283
866429,1079800,0.9683715,0.97261983
861361,1074267,0.9480015789473684,0.9595197
866005,1079389,1.0,0.97338074
866089,1079479,1.0,0.9828322
865049,1078293,0.9606808333333333,0.9811815
859957,1072685,0.95508,0.94679
865626,1078896,0.884249,0.94783956
865653,1040944,0.9655608,0.9414394
865576,1078796,0.9501138095238095,0.9625445
865544,1078861,0.9301875,0.8884092
865503,1078817,1.0,0.8709384
865436,1078701,0.9619249999999999,0.9825198
864185,1077349,0.9103606060606061,0.95617056
864299,1077517,0.9552631268436578,0.95409346
865167,1078418,1.0,0.9763019
864417,1077639,0.9867819444444444,0.93073016
865051,1078296,0.933276,0.9520496
865067,1078315,0.9723959999999999,0.91881555
864919,1078108,0.967939375,0.9637428
864722,1077909,0.7274015384615384,0.9533097
863166,1076234,0.9030302325581395,0.974125
864733,1077970,1.0,0.95781916
864494,1077673,1.0,0.97365147
864649,1077881,1.0,0.9408777
864535,1077766,1.0,0.955839
864430,1077653,0.9425637142857144,0.9303755
864476,1077603,0.9736437086092715,0.9704019
845260,1056436,0.9026875471698114,0.9612887
864177,1077339,0.9991083333333333,0.97479236
864057,1077267,0.9994228571428572,0.91648984
864103,1077261,0.8981564285714286,0.9738887
864121,1077282,0.9639866666666667,0.9492727
864060,1077270,0.9817466666666665,0.9665505
864071,1077226,0.9675061111111112,0.9654239
863853,1077001,0.9369535014005602,0.96373546
859762,1072477,1.0,0.9730093
863530,1076667,0.9666766666666666,0.96510917
851706,1063657,0.9484219178082193,0.9690994
853735,1065921,0.9993481818181819,0.97022367
863350,1076475,0.9537511904761905,0.9651176
863292,1076413,0.9766053333333333,0.95820004
863241,1076363,0.966796875,0.97049475
862295,1075379,0.9983166666666666,0.9582085
862933,1076042,0.967587142857143,0.87829703
862882,1075897,0.9481729999999999,0.95502996
862900,1075965,0.950025,0.95429945
862862,1075870,0.94885,0.93431044
862434,1075473,0.9631486666666667,0.9550369
862354,1075342,0.5485802631578948,0.9621496
862305,1075389,0.9970527777777778,0.9340468
854654,1066918,0.9990202247191012,0.95415926
862084,1075011,0.9573651515151514,0.9728814
831318,1040533,1.0,0.9378894
859150,1071830,1.0,0.96573365
861979,1074904,0.988624,0.9339974
861881,1074801,0.567956,0.9439193
861878,1074798,0.99865,0.9660034
861889,1074811,0.949982098765432,0.97292006
840682,1051093,0.952961797752809,0.95089537
861671,1074586,1.0,0.96431214
861496,1074403,1.0,0.9539151
860856,1073722,0.9658459999999999,0.96378213
860817,1073632,0.9548847222222222,0.955619
859060,1071736,0.9969066666666666,0.9619829
860745,1073567,0.9554630434782608,0.96475655
860654,1073471,0.96917125,0.9287097
855255,1067567,0.9456537142857142,0.9421716
860452,1073315,1.0,0.8722558
860324,1073130,1.0,0.9426918
860335,1073143,1.0,0.96198446
860255,1073007,0.8970750000000001,0.9567781
858042,1070572,1.0,0.9325296
846152,1057490,0.9982537037037037,0.9624333
860071,1072800,0.9634955555555554,0.9553084
859997,1072832,0.9483696296296296,0.9659024
859459,1072149,0.9984000000000001,0.9521447
859440,1072131,0.9550409523809524,0.95201045
858453,1071033,0.9456,0.9882497
858414,1070992,1.0,0.97466546
843143,1053896,0.9979760416666666,0.96015763
858390,1070966,0.9650228571428571,0.9558228
858255,1070819,0.9728696969696969,0.91560006
858164,1070316,1.0,0.9754021
857865,1070376,0.769,0.96960586
857618,1070102,0.9719453333333333,0.936461
857547,1070018,0.9446529166666666,0.9348791
857376,1069827,0.9976275,0.9422156
857274,1069717,0.9569766666666666,0.96123546
857264,1069706,0.9567233333333334,0.7295452
856675,1069060,1.0,0.999253
856790,1012470,0.96812578125,0.98383546
856680,1069065,0.9431166666666667,0.9807708
856571,1068947,0.9540777272727272,0.9620956
856531,1068900,0.9669434482758621,0.9385904
850095,1061880,0.9490596153846154,0.9849777
853176,1065333,0.8735266666666667,0.9614648
856070,1068377,0.9527876190476191,0.96147317
856073,1068380,0.954541,0.9633378
856059,1068365,0.903518,0.96410376
855995,1068300,0.9444198717948719,0.95749646
837067,1047171,0.982375,0.93477154
855019,1067313,0.9533573333333334,0.9965743
854888,1067174,0.9415756097560976,0.96710044
854864,1067145,0.9527666666666668,0.961914
854486,1066735,0.952375,0.94320595
813185,1020614,0.9660904761904763,0.94719577
836330,1046356,0.9630825,0.9652581
854481,1066730,1.0,0.920478
850595,1062436,1.0,0.8472747
854379,1066621,0.575245,0.96621597
854297,1066534,0.901932005312085,0.9485339
854240,1066474,0.97467,0.95394874
854208,1066441,0.9692617142857144,0.88675565
852787,1064904,0.9570698795180723,0.9646138
853896,1066088,0.94241125,0.93714076
853738,1065924,0.9637651551312649,0.96594965
853829,1066022,0.9649377192982457,0.96211857
853784,1065972,0.9538088888888889,0.9151217
853726,1065912,0.9562142857142857,0.913107
848559,1060176,1.0,0.96139395
853571,1065744,0.9987755555555555,0.97331417
853474,1065648,0.96546875,0.96928185
853406,1065574,0.9308170000000001,0.9640104
852973,1065114,0.999305,0.97540206
852879,1065011,1.0,0.86342835
852898,1065031,0.9558128,0.98657507
852809,1064929,1.0,0.7414904
852703,1064814,0.92694375,0.9721168
852632,1064738,0.9629276923076923,0.96554554
851770,1063736,1.0,0.75831634
852134,1064156,0.9558706666666666,0.94363
844621,1055628,1.0,0.98399925
851498,1063428,0.9559145833333335,0.88540375
851222,1063125,0.9581555555555555,0.96217203
851180,1063081,0.9689924999999999,0.9543945
838602,1048698,0.9205485714285714,0.9504759
850116,1061904,0.9574520000000001,0.93219346
850713,1062556,0.944248,0.94651383
850711,1027955,0.9572362857142857,0.95297045
850652,1062497,1.0,0.9480847
849154,1060851,0.9525966666666666,0.95238286
850331,1062145,0.9110148936170214,0.9372052
850158,1061953,1.0,0.95913935
850126,1061914,0.9444571428571428,0.9514294
850106,1061893,0.9784905660377359,0.9070991
849996,1061773,0.9611866666666666,0.92663455
849761,1061500,0.283605,0.9902156
845275,1056453,1.0,0.9303321
846396,1057787,1.0,0.81814724
848794,1060448,0.9987575000000001,0.9713607
848702,1060344,0.897668,0.9517265
848658,1060292,0.9995666666666667,0.95211285
847900,1059447,0.9957999999999999,0.73205054
848509,1060121,0.9641959999999999,0.9705522
848386,1059988,1.0,0.95600647
848406,1060010,0.9152713333333333,0.91089994
848389,1059994,0.9730925,0.9720271
848273,1059862,1.0,0.94295126
848303,1059893,1.0,0.9457276
847836,1059380,0.9986178571428572,0.9683249
847866,1059410,0.924017619047619,0.92266893
847789,1059333,0.9602940476190477,0.9474732
847773,1059311,0.9331117647058823,0.94925624
847715,1043713,0.9333478571428572,0.97085285
847623,1059142,0.9996963333333333,0.9512956
847552,1059058,0.9560000000000001,0.9046093
847427,1058914,0.7738192816635161,0.9099572
847272,1058741,0.9990309523809524,0.96579164
847317,1058790,0.9994645454545455,0.9624382
847205,1058666,1.0,0.9572858
846511,1057909,0.9495490196078431,0.9732669
845927,1057232,0.6157146666666667,0.93065506
846913,1058348,1.0,0.9725182
846710,1058128,1.0,0.9664826
846484,1057880,0.9971857142857143,0.9375841
846333,1057715,0.9360746666666667,0.95193255
844292,1055202,0.9291628571428572,0.83197093
846077,1057404,0.9488059999999999,0.911205
845476,1056678,0.9987969999999999,0.97522306
845741,1057016,0.936621875,0.9529087
842798,1053498,0.9972820083682009,0.97659045
845273,1056451,0.9694824999999999,0.97811824
845387,1039569,0.9558791428571428,0.9710741
845188,1056357,1.0,0.9735944
845166,1056333,0.998723448275862,0.99360996
845122,1056278,0.956395,0.9688847
812337,1019488,0.9326921174652241,0.9497852
844853,1055952,1.0,0.9874532
844824,1055910,0.982303,0.94515955
844784,1055851,0.954944,0.9555876
844375,1055299,0.5802692307692308,0.9964046
844298,1055209,0.9690311111111112,0.95702565
843646,1054455,0.8193280000000001,0.8412415
843653,1054463,0.9743192307692308,0.9807102
843590,1054396,0.9511499999999999,1.0
819977,1028154,1.0,0.94280773
841642,1052217,0.9578625,0.8969711
843219,1053988,0.9948230088495575,0.95088536
842469,1053152,0.9051833333333333,0.9487986
842643,1053332,0.9575755555555556,0.9104922
806604,1012801,0.8757427792915532,0.8480582
831420,1040641,1.0,0.9709109
842558,1053242,0.99912578125,0.95286083
841822,1052414,1.0,0.9823811
833135,1042684,0.970218,0.90764546
842083,1052700,0.9203648351648351,0.9492495
828375,1037398,0.9965,0.9775692
841932,1052529,0.973165,0.94433665
841749,1052330,0.9607971428571428,0.96425515
841453,1052009,0.97105625,0.9638586
841266,1051800,0.9181,0.932038
841309,1051848,0.9192477419354839,0.9497842
841046,1051557,0.9975513888888888,0.9575994
841014,1051518,1.0,0.9400095
840801,1051242,0.9614765625,0.9755572
840762,1051192,0.9604,0.9329037
839428,1049608,0.9370850000000001,0.97061384
840447,1050828,0.9705026785714285,0.92670155
840425,1050804,0.9765916666666667,0.9824042
840315,1050679,0.96278,0.97321457
840354,1050722,0.998596449704142,0.92986304
840203,1050552,0.9623299999999999,0.94965386
840015,1050316,0.9475168654173765,0.956842
839804,1050049,0.02326249999999997,0.8481167
836303,1046323,0.94379,0.97785926
839774,1050016,0.9662816666666666,0.9770792
839665,1049839,0.9707911111111112,0.9187606
839167,1049321,0.9565959999999999,0.9676208
839359,1049528,0.9084633333333333,0.9661464
839338,1049506,0.9785457142857142,0.9226734
839162,1049316,0.9280575,0.950093
839042,1049178,0.86473,0.9702342
821466,1029820,0.9971722222222222,0.9542647
831814,1041129,0.9560814285714285,0.96336216
836157,1046168,0.4810812903225807,0.83462864
838776,1048894,0.8168046153846154,0.95424736
837318,1047442,0.9626083333333333,0.95182496
838512,1048610,0.9969142857142856,0.96378326
838560,1048664,0.971555,0.93922544
838158,1048219,0.9993222047244095,0.97533107
831407,1040627,0.9995084999999999,0.9680303
838140,1048200,0.9961705882352943,0.9675987
830870,1040048,0.949328,0.96139365
836842,1046927,0.997375,0.95020854
837813,1047868,0.953834,0.9709861
837262,1047383,0.9611204545454546,0.9624806
837748,1047791,0.9579771428571429,0.9441165
837434,1023099,0.945134,0.93793124
837393,1047521,0.9501919999999999,0.94831985
837220,1047339,1.0,0.9275355
837126,1047238,0.9482020833333333,0.9393813
837055,1047157,1.0,0.9614243
836877,1046965,0.9249444743935311,0.9716953
836948,1047042,0.9514434285714285,0.95100576
836872,1046958,0.9550760869565218,0.9621002
836839,1046923,0.9257637931034484,0.96177804
836646,1046714,0.9344822857142857,0.81411266
836641,1046707,0.9982971428571429,0.93969053
836483,1046530,0.990548,0.94802094
835894,1045887,1.0,0.97051555
835682,1045654,0.9985964285714286,0.9422534
835523,1045471,1.0,0.97122
835498,1045438,0.9726383333333333,0.96248835
835172,1045085,0.9110858333333334,0.9770032
835127,1045038,0.9963000000000001,0.96903276
835049,1044958,0.9454631279620853,0.9424032
834976,1044880,0.8847297142857143,0.8962663
834971,1044875,0.95814125,0.9514338
834642,1044515,0.11467999999999995,0.9647279
834578,1044442,0.9502816901408451,0.9562291
833345,1042928,0.9723516666666666,0.9544002
834431,1044275,0.9447884615384616,0.94629294
834286,1044115,0.9735155555555555,0.9209943
834279,1044108,0.835325786163522,0.9587135
822981,1031510,0.62712,0.91261506
829918,1039051,0.9114437500000001,0.7782521
833971,1043707,1.0,0.9412129
833208,1042766,0.9974741721854306,0.9438453
822924,1031445,0.9994064735945486,0.9187712
833889,1043614,0.9990693333333334,0.9587488
805015,1010970,0.9515656250000001,0.9590228
830830,1040004,0.9990657142857143,0.93928343
833116,1042667,0.997,0.9541291
832861,1042362,1.0,0.93909764
832777,1042263,0.951505945945946,0.95462483
832765,1042198,1.0,0.954294
820650,1028886,1.0,0.9510977
832734,1042164,1.0,0.984529
832729,1042159,0.8775933333333332,0.97848225
832517,1041922,0.888784,0.9444856
832490,1041891,1.0,0.86358047
832409,1041792,0.999192,0.96092635
832304,1041666,0.97521,0.95926505
827937,1036934,0.9987958333333333,0.9751902
832084,1041423,0.9781549132947978,0.9662028
802349,1007995,1.0,0.92477596
831660,1040911,0.961855,0.9318604
831682,1040938,0.7152453333333334,0.9594139
829148,1038236,0.949881590574374,0.8979644
831452,1040676,1.0,0.92723733
831404,1040624,1.0,0.9546448
831049,1040247,0.9507862499999999,0.9312744
831169,1040375,0.96678,0.96425086
831100,1040301,0.9455893719806764,0.9676654
831050,1040248,0.957185,0.910317
829797,1038921,0.9989652777777779,0.98406774
831010,1040206,0.952322,0.9164036
830920,1040105,0.9497984615384615,0.9557791
830728,1039893,0.9583162303664922,0.9509312
830782,1039955,0.8191729999999999,0.9675983
830683,1039840,0.9859574999999999,0.9759836
830133,1039280,1.0,0.92513573
830053,1039193,0.9561116666666667,0.9057214
830027,1039166,0.9987226624405705,0.94041836
826310,1035176,0.9259025510204081,0.9635773
829932,1039065,0.9649333333333334,0.85113096
829887,1039016,0.9990294117647058,0.9693453
829893,1039022,1.0,0.9581033
829468,1038573,0.9994542307692308,0.97120804
812120,1019248,0.948105,0.9633682
829429,1038532,0.9515583333333334,0.9597796
829308,1038407,0.8434880000000001,0.8834422
829020,1038100,0.9566878048780487,0.90631014
828449,1037476,0.9593584905660378,0.9247552
828254,1037270,0.967395,0.953869
828169,1037178,0.9093508,0.9321197
828007,1037008,0.0,0.94979423
827419,1036373,0.9498816666666666,0.8152555
826922,1035835,0.9994293333333334,0.9773228
827024,1035945,0.9556,0.9909635
826990,1035911,0.9995047180667435,0.9425471
818370,1026296,0.9570949720670391,0.96651995
826293,1035159,0.948521706864564,0.92533886
824609,1033342,0.99935,0.97559553
826509,1035384,0.9420933333333334,0.9590288
826126,1034976,0.9713023622047244,0.9745147
825911,1034745,0.9499959677419355,0.9545711
825869,1019463,0.9994248,0.9407507
825826,1034654,0.8732090909090908,0.939927
823772,1032363,0.9678805,0.91927344
825649,1034459,0.99703,0.9551854
767458,968539,0.9506882352941177,0.96370465
825408,1034193,1.0,0.72177607
825332,1034108,0.970166,0.9585483
825223,1033990,1.0,0.97393864
825164,1033927,1.0,0.96237963
823133,1031673,0.9161428571428571,0.93993956
824978,1033736,0.9581959677419354,0.94746274
822740,1031201,1.0,0.8971108
824259,1032911,0.9540799999999999,0.9629075
824151,1032786,1.0,0.9645324
822325,1030753,0.9389216666666667,0.93180496
823925,1032527,0.94899,0.9636838
823357,1031920,1.0,0.96836364
823851,1032447,0.95203,0.99059606
823833,1032428,0.9991690000000001,0.93879205
823806,1032397,0.9714687664041994,0.9342163
823755,1032344,0.9997219999999999,0.9248386
823671,1032254,0.9989788571428572,0.97344035
823490,1032063,0.955992749244713,0.93529814
823368,1031931,0.9521828571428571,0.96224904
823151,1031692,0.9452014705882352,0.9413733
822173,1030591,0.9472445714285713,0.95391434
822908,1031426,0.9710228571428571,0.96373695
822778,1031248,0.9511125,0.89426607
822688,1031137,0.9669464,0.94681305
822649,1031099,0.8861558333333333,0.98033583
815728,1023406,1.0,0.96226966
822556,1031000,1.0,0.95522916
822548,1030988,0.9480716666666668,0.8270329
822138,1030552,0.9974776978417267,0.94269896
822504,1030946,0.9482796610169492,0.92760277
822314,1030742,0.955566,0.9645756
822193,1030614,0.8293,0.7968252
794885,999553,1.0,0.94713193
821953,1030350,0.9595999999999999,0.94927955
821943,1030340,0.99769,0.97128797
821866,1012836,0.9526472222222223,0.96318394
821564,1029915,0.9550265486725663,0.96593314
821507,1029869,0.8451357142857142,0.97539717
821459,1029811,0.9991235059760957,0.97194785
772417,974348,1.0,0.93414766
821334,1029670,1.0,0.92392224
820648,1028883,1.0,0.96245044
820959,1029212,0.9703809523809523,0.9061834
820930,1029183,0.9516465000000001,0.9601415
820963,1029216,1.0,0.9052743
820653,1028889,0.9767771428571428,0.93294334
820530,1028762,0.9559666666666666,0.9605907
820491,1028718,0.9976464,0.95404834
820480,1028705,0.8738638888888889,0.93403095
820425,1028646,1.0,0.97720426
820386,1028607,0.9495545454545455,0.95517725
788425,992125,0.9311709890109889,0.98342246
820115,1028310,0.9479314285714286,0.9704922
820067,1028256,0.9559717391304349,0.96887404
820039,1028226,0.9498645161290322,0.9491527
819741,1027891,0.972252,0.96845376
819422,1027530,0.9613986666666666,0.92381793
819404,1027507,1.0,0.9600893
819322,1027408,0.973406,0.95238686
815482,1023147,0.9675905376344086,0.9796749
819005,1027050,1.0,0.8196491
818925,1026961,0.9990275000000001,0.95951486
818556,1026514,0.972234,0.96031046
814188,1021687,0.9356245000000001,0.9449312
817953,1025848,0.956649,0.96824795
817882,1025768,1.0,0.95417476
817797,1025671,0.974133,0.9547482
813815,1021289,0.9976,0.8823401
817676,1025539,1.0,0.9544885
817580,1025434,0.9511733333333333,0.95807964
817000,1024785,0.9956525,0.93775684
816351,1024078,0.95589,0.91718745
816414,1024145,1.0,0.9285645
816395,1024125,0.973004411764706,0.9690386
803924,1009735,0.9604278260869565,0.9450797
816354,1024081,0.8181014198782962,0.93070835
759210,959441,0.9494975,0.9796574
816175,1023880,0.954198611111111,0.987462
816061,1023782,1.0,0.9024171
811045,1018017,0.9776,0.9390594
797241,1002189,1.0,0.97320616
807095,1013605,0.9366208333333332,0.96846634
815479,1023144,0.9991484615384616,0.95460063
815431,1023089,0.9666932,0.9184375
815104,1022702,0.9558906666666667,0.90889245
815170,1015311,1.0,0.978015
804226,1010068,0.964215,0.95687914
814939,1022518,1.0,0.81749946
814816,1022376,0.9505265625,0.9398867
814629,1022159,0.9887100000000001,0.9554405
814509,1022023,0.9986733333333333,0.97338504
814512,1022026,0.9574750000000001,0.9667259
814375,1021886,0.9967892857142857,0.9663515
814318,1021821,0.997086,0.9337611
780717,983521,0.931595,0.9334356
814124,1021618,0.974083185840708,0.96789277
813780,1021255,1.0,0.95532095
813908,1021386,0.9551200000000001,0.94073725
813926,1021405,0.9304884615384615,0.9611124
813796,1021270,0.9979948051948052,0.95169693
813725,1021198,1.0,0.9110651
812571,1019739,0.9793042696629214,0.95583946
813082,1020451,0.948998,0.96781397
812949,1020250,1.0,0.9678659
812628,1019801,0.9124331360946745,0.9301018
810372,1017274,0.9548985714285714,0.92068523
812619,1019782,0.999015,0.90891695
812577,1019745,1.0,0.97780025
808799,1015560,1.0,0.90609026
812459,1019620,0.9639885416666668,0.9602734
812452,1019611,0.9671085714285715,0.83947617
812407,1019563,0.9819991071428571,0.97948706
812202,1019344,0.9982906666666667,0.9145507
812086,1019206,0.9741208333333334,0.9682946
809380,1016188,0.9967533333333334,0.79165876
811913,1019005,0.9687947826086956,0.9772554
811513,1018553,0.9572628571428572,0.9197394
801277,1006833,1.0,0.973736
811348,1018364,0.96562,0.9389975
810669,1017613,1.0,0.9713637
810987,1017953,1.0,0.95620805
810895,1017853,0.97071875,0.95750165
810683,1017629,0.9652413636363637,0.96285224
810587,1017519,1.0,0.99485636
809236,1016034,1.0,0.9264292
810251,1017147,0.9591825,0.97082204
810326,1017223,0.95496,0.91400224
810303,1017200,0.9268175,0.9389577
810256,998632,0.9965457142857143,0.9679897
810093,1016982,1.0,0.945952
810122,1017012,0.972295,0.85149175
810107,999775,1.0,0.9315458
809503,1016334,1.0,0.96374637
810047,1016934,0.9745325,0.9882993
809934,1016807,0.9651885714285714,0.9886806
806018,1012172,0.9566683333333333,0.9593176
809776,1016633,0.9550748251748251,0.94111276
809611,1016456,0.9551033333333333,0.9568976
806491,1012677,0.9655349999999999,0.96004635
809298,1016103,0.9255873949579831,0.9757692
809364,1016171,0.9690811800610376,0.9290112
809321,1016128,0.95428,0.958235
809235,1016031,0.9557642857142856,0.96143013
809149,1015938,0.9775521428571429,0.92354536
807799,1014412,0.954164375,0.9557274
809076,1015859,0.9866952380952381,0.7776744
809003,1015779,0.9733591666666667,0.9682191
808985,1015762,0.97538125,0.92639947
777395,979876,1.0,0.96576315
734373,930884,0.9635971428571429,0.98252237
808649,1015397,0.954775625,0.9884555
807523,1014114,0.9964425,0.93612885
808659,1015406,0.9587049999999999,0.93442714
808650,1009093,0.994959375,0.9800751
808070,1014719,0.904136,0.9574261
808459,1015190,1.0,0.9559987
808311,1015033,0.05027100591715976,0.96534574
808321,1015044,0.9571075,0.94519335
808071,1014720,0.676366393442623,0.98178864
808039,1014680,0.9637459533607682,0.97617525
808022,1014653,0.9953808333333333,0.9353213
808015,1014654,0.93982,0.9547607
807954,1001412,0.999574,0.952961
805279,1011280,1.0,0.96826965
807350,1013916,0.9256717948717949,0.9560922
807513,1014102,0.9569975,0.9537614
807500,1014087,0.945829090909091,0.97028726
807184,1013713,0.973005882352941,0.9517186
807187,1013717,0.9550541666666668,0.9570782
807142,987655,0.8332769503546099,0.93067735
805775,1011856,1.0,0.95185125
807005,1013444,0.9671691666666667,0.96825254
806989,1013424,0.9683930000000001,0.97331554
806960,1013387,0.9744,0.9434607
806925,1013337,1.0,0.9146922
806804,1013181,0.9464250000000001,0.95428616
806771,1013140,1.0,0.8730744
806250,1012418,0.7512313333333333,0.97490495
806221,1012387,0.9597043478260869,0.9626922
806164,1012327,0.9490574074074074,0.80225366
806126,1012289,0.9381880952380953,0.8476459
784517,987738,0.9989979310344828,0.9812057
805889,1012034,0.9723620000000001,0.96959
805378,1011398,0.965772,0.96890354
805342,1011353,1.0,0.963476
805295,1011301,0.9513138461538462,0.9811953
805227,1011222,0.9739625,0.9253453
805134,1011118,0.9511964705882353,0.9664236
804959,1010902,0.9505341666666667,0.94356316
804949,1010890,0.7406666666666667,0.95621794
804567,1010459,0.9510564102564102,0.96262616
804512,1010400,0.935034,0.9450625
804186,1010024,0.9501214285714287,0.9606457
804073,1009899,0.9443299999999999,0.80364126
803805,1009603,0.9559675,0.9568744
794101,998689,0.95047509202454,0.9628799
803612,1009394,0.97898,0.96559405
803572,1009346,0.9735812500000001,0.95387983
803294,1009043,0.9843788505747127,0.94584066
798434,1003556,1.0,0.9658722
803178,1008916,0.8713519507186858,0.9425519
803056,1008786,0.8279692963752666,0.9649197
802988,1008708,1.0,0.96441597
802950,1008665,0.9134636,0.953283
802936,1008648,0.9276238888888889,0.96720093
802767,1008453,0.9580875,0.95380807
802401,1008051,0.9648665714285715,0.8644963
802536,1008200,0.9550945054945056,0.8744245
802068,1007691,1.0,0.96800035
802348,1007994,1.0,0.9633563
801027,1006571,0.9958873333333333,0.97093177
801934,1007553,0.9618491408934708,0.95140207
798764,1003904,0.9468270000000001,0.98306704
801448,1007024,0.9991558333333334,0.8416569
801670,1007270,0.9683308333333333,0.92867833
801412,1006985,0.921165,0.7003318
801461,1007039,0.9993108,0.93783647
801181,1006737,0.6291878172588833,0.8603751
801361,1006929,0.994985294117647,0.9722117
801322,1006887,1.0,0.9568403
790736,994941,0.9633990625,0.94494915
801117,1006664,0.9747100000000001,0.9393383
801124,989675,0.95675,0.96200466
801055,1006602,0.9536586666666667,0.95321923
799313,1004489,0.9978833333333332,0.93918514
800239,1005509,0.96516,0.90377706
798511,1003636,0.9994393333333333,0.9769497
799994,1005246,1.0,0.9719712
799871,1005114,0.7346766666666666,0.93257594
799768,1004996,0.969748051948052,0.9536748
792800,997247,0.9677385703063629,0.925155
799617,1004825,0.9647479999999999,0.93857986
798802,1003945,0.8309716088328075,0.9053709
799024,1004182,1.0,0.9768195
799426,1004618,0.9571219999999999,0.9727537
799271,1004445,0.7348949019607843,0.9602089
799168,1004335,1.0,0.9331537
799061,1004221,0.9729338289962824,0.93942803
798961,1004114,0.9562702702702702,0.9555394
798976,1004133,1.0,0.96507293
798828,1003972,0.9761624999999999,0.89235896
798762,1003902,0.9977729166666668,0.9679964
798731,1003870,1.0,0.97900134
798584,1003716,0.97066,0.98388886
798595,1003728,0.9559533333333333,0.98175985
797684,1002709,0.946535,0.85354894
785621,988947,0.9289810000000001,0.86189467
798247,1003356,0.9593466666666668,0.9650189
797424,1002395,0.9575777777777779,0.9669688
797871,1002921,0.97860625,0.9593468
797948,1003008,1.0,0.9544519
797544,1002544,0.956256,0.90967244
797340,1002300,1.0,0.959898
797250,1002198,1.0,0.95510757
793842,998389,0.9483111111111111,0.8682992
797111,1002039,0.964295,0.955461
789281,993146,0.9582237168141593,0.9712276
794690,999340,0.9512765217391305,0.961912
796707,1001579,0.7068625000000001,0.9664558
770293,971910,0.90350125,0.9496712
796676,1001541,1.0,0.9679531
773063,975074,0.9506965714285713,0.8720826
796431,1001279,0.9090492,0.95381427
796350,1001192,1.0,0.977357
796137,1000900,0.047166072666666725,0.9372951
796094,1000853,0.9150617187500001,0.6489603
796092,1000850,0.973587924528302,0.9716069
794680,999330,1.0,0.9463465
796034,1000788,0.977902,0.9577426
796024,1000777,1.0,0.9797625
795509,1000250,1.0,0.950388
795570,1000316,0.9783125,0.94229627
795539,1000281,0.9078096774193548,0.9225323
795498,1000233,0.24280833333333335,0.80122656
795467,1000206,0.9482272058823529,0.9650683
795461,1000199,0.9938,0.96340334
795448,1000179,0.9393010909090909,0.954734
795056,999749,0.9539875,0.974661
794922,999592,0.9051187438665359,0.9414947
794889,999557,0.967990243902439,0.9637123
794666,999314,0.940717,0.9370405
794456,999081,1.0,0.92967206
794397,999017,0.975616,0.95252305
794254,998860,1.0,0.94450915
794252,998862,0.9606678571428571,0.8695628
794020,998593,0.3616696,0.9307096
794050,998628,0.9674166666666667,0.97983295
793962,998523,0.8699266666666666,0.95989776
793954,998510,0.9993823754789272,0.9553508
793722,998256,0.5802257142857143,0.8918326
793772,998309,0.9514600000000001,0.9704791
793653,998182,0.9952694214876033,0.9767751
793575,998096,1.0,0.9480346
793534,998053,0.9990135693215338,0.9290607
793512,998030,0.9651700000000001,0.96073806
793449,997963,0.8452966666666667,0.95479155
793285,997783,0.9813277777777778,0.95092916
793134,997610,1.0,0.9556195
788280,991953,0.9670985685071575,0.96978277
791809,996169,1.0,0.9719344
792555,996981,0.9550683333333333,0.9596235
792865,997319,0.99876,0.9161758
792768,997213,0.8407857142857142,0.95083934
792691,997131,0.952356,0.92670405
792414,993994,1.0,0.93575966
792193,996596,0.5867186666666666,0.96939015
792034,996421,1.0,0.94988716
792146,996544,1.0,0.9894442
792036,996420,0.9270468749999999,0.98544717
792011,996396,0.9772813333333333,0.95773816
787174,990686,0.9982266159695817,0.9339166
791842,996205,0.9774071428571429,0.99770707
791741,996093,0.9205472222222222,0.9480752
791736,996088,0.9578150000000001,0.9592247
775996,978302,0.9218725,0.94979525
791139,995412,0.907745625,0.95964164
791037,995287,0.9938423728813559,0.96441925
790956,995195,0.9339784615384615,0.92062825
790863,995087,0.950902,0.96625286
790666,994843,0.956886875,0.9638673
790556,994712,0.9079995999999999,0.94574445
790213,994301,0.9320461538461539,0.97043955
790337,994449,0.8811383333333334,0.89178395
790302,994405,0.9491909090909091,0.86499137
790125,994204,0.9661872053872054,0.94266045
789842,993818,1.0,0.9588959
789742,993703,0.9496633333333333,0.94753385
780273,983049,1.0,0.97117573
789502,993415,1.0,0.9587157
789015,992835,0.93929,0.9659955
785745,989086,0.9959836363636363,0.95754796
788234,991894,0.9410880952380952,0.92197365
788842,992634,0.910565,0.9657488
788890,975813,0.9297559999999999,0.9510194
788815,992603,0.9780099999999999,0.96915126
784401,987611,0.9217391666666668,0.97355485
780491,983279,0.9988279269602578,0.81182647
788458,992162,0.8881205714285715,0.9583442
788376,992058,0.9206676616915422,0.92733127
788322,992001,0.9598033333333332,0.87694323
787951,991573,0.9343888571428571,0.8745857
787860,991463,1.0,0.7473525
787712,991294,0.7111032,0.9516087
787280,990803,0.9991558333333334,0.9583926
787262,990783,1.0,0.9229766
787226,990741,0.9486700000000001,0.99783885
787093,990597,0.968585,0.9235925
787056,990555,1.0,0.9859865
786991,990485,0.9599993333333333,0.9575905
786973,990462,0.4600995238095238,0.92308086
786940,990424,0.9930540000000001,0.9621832
785219,988495,0.9739111111111112,0.94715357
786018,989377,0.9726585714285715,0.9225895
786376,989760,1.0,0.964891
785937,989289,0.9593979899497488,0.966139
785765,989107,0.9393490683229814,0.9800734
771090,972827,0.9518291666666667,0.95071465
785197,988471,0.972155,0.9336331
785069,988336,0.9591046666666666,0.9763658
783200,986284,0.7254077519379846,0.9252368
785053,988320,1.0,0.9758454
784918,988173,1.0,0.9611632
784764,988011,0.945815,0.9475155
784643,987872,0.9980291666666667,0.97583616
784580,987808,0.9629416666666666,0.96748954
784434,987646,0.9113428,0.9494248
780946,983762,1.0,0.94416547
782699,985714,0.9990090277777778,0.96189034
784060,987234,0.9962857142857142,0.9609731
783962,987126,0.5869,0.95585334
783561,986688,0.95455,0.94348776
783326,986429,0.9570924137931035,0.9180787
783173,986255,0.9653133333333334,0.9403335
783020,986090,1.0,0.9781687
782425,985412,1.0,0.9372709
782727,985745,1.0,0.94477016
782387,985372,0.9219395833333334,0.94199157
782572,985575,0.9570447574334899,0.9450361
782531,985527,0.9677861111111112,0.9730103
739203,936757,0.9484520000000001,0.99092567
777608,980124,0.9730285714285715,0.9788253
781775,984692,0.9691684523809524,0.9786447
782177,985126,1.0,0.97157717
782162,985109,1.0,0.9427657
782129,985073,0.9321949999999999,0.9748129
779779,982539,1.0,0.95410967
782043,984979,0.972893,0.95486337
778627,981235,0.9793883928571429,0.95461714
781514,984368,0.9994577777777778,0.85425955
781407,984254,0.9792397142857143,0.92586523
781360,984203,1.0,0.93775743
741724,939706,1.0,0.9564489
774690,976878,0.9491991666666666,0.8722041
780992,967089,0.9994453385672227,0.9617662
780910,983723,0.9578166666666668,0.96689224
780798,983606,0.9537180000000001,0.96221834
780636,983434,0.9590399999999999,0.77666503
779365,982044,0.8999325,0.9823893
768835,970217,0.9574354755784061,0.97072464
778770,981399,0.8678239999999999,0.9533841
779894,982660,0.991882,0.94723666
779667,982420,0.9716483333333333,0.946573
774335,976503,0.9733754385964912,0.93268245
779487,982229,0.9118316981132076,0.97671616
778955,981610,0.95595875,0.9666245
779432,982167,1.0,0.9609969
778768,981396,0.967801111111111,0.9393239
779326,982002,1.0,0.9158012
779278,981945,0.9780249999999999,0.9843888
779062,981724,0.855,0.94902474
776394,978740,0.9739933333333334,0.9389967
778997,981657,0.96464375,0.9320584
778974,981631,0.998395652173913,0.95650387
778837,981483,0.9586517045454546,0.96297973
771198,972947,0.9179364999999999,0.9391402
766990,968023,0.9991819047619047,0.9348138
778440,980988,1.0,0.93756336
778478,981026,0.9673994285714287,0.91950184
778280,980822,0.868417,0.9576059
750374,949710,0.998595,0.9776845
778203,953092,0.6422908,0.9174414
778167,980710,1.0,0.975239
777801,980327,0.9550447916666667,0.9504913
777849,980377,0.973575,0.9573651
777854,980382,0.8662809478672986,0.8958467
775388,977637,1.0,0.9517278
777826,962532,1.0,0.9337513
777771,980295,1.0,0.9298262
777763,980287,0.9963004,0.9077996
777710,980233,0.81787,0.95635015
777661,980181,0.969278167115903,0.9504715
419640,492484,0.99808875,0.97072875
751329,950769,0.9688979999999999,0.90516686
777541,980049,0.8852933333333333,0.95025295
777519,980021,0.9768,0.9547676
777340,979818,0.9561922829581994,0.9401596
777252,979722,0.9550963636363636,0.93990093
777226,979690,0.9993361111111111,0.9717171
775556,977818,0.9606479166666666,0.96371007
776948,979374,1.0,0.96494454
776221,978546,1.0,0.96677524
776019,978327,0.9995916666666667,0.9613669
776021,978330,1.0,0.94665504
775726,962280,0.956182,0.9560103
775712,977986,1.0,0.9258933
775634,977901,0.9535128571428572,0.9359084
775551,977813,0.99799625,0.96130353
774171,976325,0.9987311764705883,0.9524139
775378,977625,0.99392,0.9771505
762932,963499,0.9964455555555556,0.92630315
775020,977241,0.9303728571428571,0.93219733
774919,977134,0.8775435714285714,0.93827385
772043,973887,0.9952,0.8820468
774836,977043,0.9989702127659574,0.9626621
774758,976954,0.9590638297872341,0.8155762
774609,976794,0.9987871794871794,0.9493251
774573,976757,0.9686715492957746,0.94542426
774455,976630,0.9518274999999999,0.88659215
773935,976023,0.936944,0.95350546
774454,962218,0.9562213793103448,0.953054
774290,976453,1.0,0.927408
772732,974723,0.955105,0.92828625
774216,976377,1.0,0.9595108
773926,976015,0.967945,0.8630134
774066,976166,0.94685,0.9453657
771972,973801,1.0,0.96670127
773791,959602,0.9555225,0.9482049
773414,975456,0.9535508333333333,0.9499966
773111,975126,0.9709208333333333,0.96137995
773092,975107,0.94041125,0.9212939
772827,974819,1.0,0.9806004
772782,974777,0.0,0.9508051
769636,971125,0.9558128571428571,0.9482129
772516,974451,1.0,0.940062
772326,974247,0.8749503571428572,0.88214993
772405,974334,1.0,0.91952735
771171,972916,0.9676627777777778,0.90580773
772290,974209,1.0,0.9352343
772112,974013,0.9516062861869313,0.96881783
770836,972551,0.9158792207792208,0.96705866
765661,966584,0.9986119047619048,0.981116
771730,973541,0.94704,0.9810502
769906,971436,0.9961722222222221,0.9772251
771377,973143,0.9705870000000001,0.9657571
771451,973225,0.9627225806451613,0.9413606
769763,971274,0.9986640625,0.9405417
771304,973062,0.9602314990512334,0.9406973
770980,972712,0.9463065217391304,0.87780076
737936,935204,0.9488837962962963,0.93350977
770892,972614,0.932377380952381,0.906899
770865,972584,0.8858022222222223,0.9396814
770819,972531,0.9979899999999999,0.9646598
770669,972372,0.95862,0.88431776
770284,971900,0.969936875,0.9608782
770177,971772,0.9562616666666666,0.9804251
767988,969188,1.0,0.96969795
769930,971462,1.0,0.9658315
769744,971249,1.0,0.94896436
769818,971335,0.9655033333333334,0.92828965
769795,971308,0.870654705882353,0.9532429
769803,971316,0.9345870967741935,0.95448154
768995,970401,0.9570799999999999,0.9405727
769706,944637,0.955834,0.97210014
768277,969507,1.0,0.97559893
769643,971131,0.974630258302583,0.94246924
769491,970957,0.9981818181818182,0.9536783
769325,970779,0.9759570731707317,0.92704445
769206,970648,0.9357357894736842,0.95325136
767654,968804,0.946053125,0.9565755
733448,929814,0.970112037037037,0.9343829
768963,954342,1.0,0.9214091
768946,970346,0.92806125,0.9642819
767989,969189,1.0,0.98268706
768524,969835,0.7723360655737705,0.96969646
768552,946713,1.0,0.95686775
768414,969718,0.9693375,0.90284616
768276,969506,0.9990548611111111,0.9683274
768334,969624,0.9730805555555556,0.93768334
768335,969625,0.8214293749999999,0.9504739
768313,969598,0.9586666666666667,0.9861005
732882,929137,0.6496325,0.9512698
767583,968727,0.997985,0.9465986
768189,969413,0.970518,0.95578974
767790,968951,0.610669,0.96301633
760863,961185,0.99714375,0.9631732
764963,965764,1.0,0.9369584
767902,969078,1.0,0.96203613
767286,968352,0.9405782857142857,0.9801104
764985,965800,0.5091887500000001,0.97704846
767757,968914,0.8699514285714286,0.97562116
767687,968834,0.9729092307692307,0.96801406
767584,968729,0.95414375,0.9527399
767358,968430,0.9666333333333335,0.9431787
766830,967860,1.0,0.9616022
764940,965720,0.9561696000000001,0.94135755
765474,966366,0.9644085714285715,0.97305423
766608,967624,0.93997875,0.9819182
766593,967609,0.8130776666666667,0.9278515
766515,967527,0.9787066666666667,0.73287976
759192,959422,0.998216,0.9881683
766293,967285,0.649854,0.9783945
766091,967062,0.9618293333333333,0.91294104
765763,966698,0.9637742857142857,0.9513647
766128,967105,0.7168460000000001,0.9267546
765813,966756,0.946964081632653,0.991557
765694,966621,0.9494819999999999,0.9480178
765479,966373,0.97255,0.9827546
765440,966322,0.9523358974358974,0.9724917
765368,966239,1.0,0.87845623
763601,964236,0.9752000000000001,0.9618761
765094,965927,0.9987344444444445,0.9774142
765039,965865,0.9589549999999999,0.9439067
765022,965846,0.9991005405405405,0.970299
760519,960795,0.812401,0.9843991
763325,963887,1.0,0.6062591
764483,965214,1.0,0.94107455
764376,965089,0.8760459999999999,0.956717
764332,965042,0.9667862068965517,0.94662523
764228,964919,1.0,0.95876324
764124,964804,0.9962408921933086,0.9705765
754158,953864,0.9598466666666666,0.9548888
763907,964574,0.949016,0.9644335
763883,964547,1.0,0.97617304
763723,964373,0.95706,0.96797395
763753,964406,0.9991273333333334,0.9645074
763665,964307,1.0,0.95713305
763547,964175,0.46218400000000004,0.8327601
763401,964017,0.99679,0.9404227
763314,963875,0.9587654545454546,0.9166965
763274,963835,0.9529655,0.942792
763283,963843,0.9494955555555554,0.94559616
763067,963641,0.9449695652173913,0.9820452
761753,962229,0.9139125,0.97483546
762895,963461,0.94899375,0.9633421
760164,960423,0.9994658333333334,0.9483226
762735,963286,1.0,0.9496841
762630,963168,1.0,0.9823938
762590,963125,0.9511149999999999,0.9591756
757754,957829,0.9994080000000001,0.9514408
762317,931060,0.9553952641165755,0.95125514
762147,962650,0.9290121212121212,0.953938
762087,962584,0.9695732142857142,0.9796279
745255,943814,0.956740909090909,0.8500897
758528,958699,1.0,0.9390864
761924,962411,0.94538,0.9095298
761855,962338,0.9410908333333333,0.96840924
761781,962259,1.0,0.96585554
761798,962276,0.9709946666666667,0.90321076
632417,810160,0.9683105714285715,0.9386444
761733,962208,1.0,0.9592119
761604,962078,0.9703545454545455,0.961206
761566,962036,0.34020727272727275,0.95468193
741982,939986,0.9980291390728476,0.93970966
761214,961619,0.99552,0.9451922
756117,956029,0.9991423529411764,0.9594283
761003,929764,0.951349,0.9459594
760029,960305,0.9714016666666666,0.71874946
751937,951459,0.9252970588235295,0.9012999
760488,960764,0.9984141592920354,0.9669335
752742,952345,0.9940921875,0.93366385
760011,960286,0.9739812499999999,0.9525115
759675,959931,1.0,0.9739656
759923,960194,0.9569370548604427,0.9198246
759566,959815,0.9700906666666667,0.9698411
759551,959800,0.9758666666666667,0.94680005
759467,959712,0.9986447368421052,0.93622565
749604,948852,1.0,0.94771975
759372,932652,0.64023,0.960454
759306,959539,1.0,0.97296566
759223,959456,0.9454925,0.981304
756112,956024,0.96551875,0.9685197
759102,959329,0.902726875,0.9506138
758440,958602,0.9702216666666668,0.9118625
758813,959019,0.9434239999999999,0.9648524
757740,957815,0.9556849999999999,0.9506642
758672,958862,0.9558242857142858,0.9740497
758597,958775,1.0,0.9383638
758592,958769,0.9523635,0.9174425
755139,954929,0.9558474358974358,0.9519701
758321,958473,0.9371716216216216,0.95812905
758319,958470,0.8834040000000001,0.95306396
755887,955770,0.5424755555555555,0.9470738
758131,958255,0.9567526570048308,0.92660534
757964,958070,0.9749760000000001,0.91957253
757943,958046,0.9963975,0.982988
757221,957243,0.9585812499999999,0.965697
756713,956672,0.9986052941176471,0.9782557
757039,957027,1.0,0.91686845
756928,956904,0.9662883333333333,0.8894942
756802,956770,1.0,0.9885301
755983,955882,0.963131,0.96523154
756472,956419,1.0,0.97358036
756402,956344,0.9959566666666666,0.96613324
756045,955950,1.0,0.95944995
597140,766482,0.9806483333333332,0.95142937
755904,955789,0.9783989583333332,0.9459736
746279,944990,0.8884925,0.9629447
755817,955696,0.389016,0.88844854
755784,955659,0.958415,0.93847007
755649,955513,0.9591566666666665,0.94364935
755651,955515,0.94358,0.8831434
755635,955498,1.0,0.9377414
755563,955419,0.9983720588235294,0.9426711
755450,955259,1.0,0.9588811
755533,936210,0.94992875,0.93959904
755488,955298,0.954885625,0.9436848
755294,955096,1.0,0.96340686
755215,955011,1.0,0.9415343
755186,954979,1.0,0.9482049
755206,955000,1.0,0.98893166
755087,954867,0.970906,0.9634883
755041,954809,0.9749709677419355,0.9736791
748243,947272,0.702890625,0.95255566
753730,953404,0.9995096000000001,0.9567919
754872,954627,0.955875,0.9488312
754740,954490,0.9601583333333333,0.97916424
754651,954390,0.951568695652174,0.91897357
753790,953470,0.9563894736842106,0.95603037
753772,953451,0.9747854285714285,0.899475
754060,953754,0.953026,0.9724407
754033,923808,0.9511183333333333,0.95532286
753785,953465,0.9995422641509434,0.9435022
753732,953406,0.9735818181818182,0.90571177
752397,951977,1.0,0.94549924
753691,953358,1.0,0.9742789
753669,953335,0.9735739999999999,0.94308335
752498,952086,1.0,0.9514736
753519,953207,0.8868880000000001,0.9644055
753207,952854,0.9588506666666666,0.9486584
752995,952621,0.9420165733482643,0.96876574
753084,952719,1.0,0.9153991
751684,951147,0.9402430555555555,0.99604803
752865,952485,0.975360857142857,0.9690162
752615,952207,0.973295,0.964054
733951,930396,0.9698471428571429,0.9135507
752220,951779,0.9617447368421053,0.7843531
750435,949778,0.77345,0.94695294
752170,951724,0.99157,0.9507688
752098,934755,0.9803078048780488,0.94589823
725939,921260,1.0,0.9703386
738778,936242,1.0,0.94120365
752016,951548,0.9575833333333333,0.933052
751967,951492,0.77143125,0.93421745
751876,951394,0.9306864583333333,0.9636561
747265,946177,0.9962075,0.9693385
751864,951382,0.9723361111111111,0.9499169
751100,950512,0.9391277777777778,0.9604003
751755,951220,0.9571863247863248,0.9772492
751654,951112,0.9449227722772277,0.9815686
751543,950992,0.9682169491525423,0.88450193
751248,950678,0.771134,0.9466077
750799,950191,0.9806523809523809,0.95427144
744385,942860,0.9702444444444445,0.9589365
749020,948166,0.9971620000000001,0.9660703
750093,949387,1.0,0.93522674
749907,949188,0.9592472222222223,0.96161157
744344,942813,1.0,0.9052968
749243,948461,0.92443625,0.96027106
749183,934246,0.9981737500000001,0.927353
749099,948306,1.0,0.9564594
749069,948270,0.9764200000000001,0.9631142
735654,932430,1.0,0.973763
749019,948165,0.9744133333333332,0.9721143
746374,945128,0.906684,0.95793337
748450,947493,0.9722133333333333,0.95335925
748730,947845,1.0,0.9600717
747338,946258,1.0,0.9552557
748322,947355,0.9690522522522522,0.94564575
748171,947193,1.0,0.9718977
748144,947164,0.9567,0.9793655
748054,947068,1.0,0.938724
726234,921576,1.0,0.8396202
747481,946419,0.9675683333333334,0.9769907
745618,944232,0.954,0.95426613
747905,946899,1.0,0.9706454
747831,946820,0.9656754571703561,0.95140094
741520,939425,0.9559924999999999,0.95001674
747540,946483,0.9571885714285714,0.9023645
744948,943470,0.9668049999999999,0.9607278
747349,946270,0.9572720244150559,0.9722927
747276,946189,0.9518458333333333,0.959077
746928,945747,0.9568,0.92378986
746762,944005,1.0,0.96246594
746727,945524,1.0,0.98460203
746742,931390,0.9689201201201202,0.87538594
746645,945434,0.963562857142857,0.9427366
746531,945311,0.921356,0.8912705
746482,945257,0.9464073333333334,0.90265334
739289,936856,1.0,0.96810704
746415,945180,0.9637875,0.9883354
746390,945146,0.9566030000000001,0.95782316
746373,945127,1.0,0.9651937
746282,944993,0.932212,0.9655776
743206,941419,1.0,0.97212785
746180,944834,1.0,0.9441683
745292,943855,0.9672706666666666,0.9350616
745721,944341,1.0,0.89678526
746087,944733,0.977176,0.9752329
741105,938924,1.0,0.93859226
745982,944477,0.9530569536423842,0.9345545
745916,944552,0.9554400000000001,0.9649104
745850,944480,0.975857,0.9635483
745770,944393,0.947325,0.9646103
745712,944329,0.9690496000000001,0.75910825
742661,940775,0.8723153333333333,0.95783865
744579,943068,0.953149268292683,0.9619419
744604,943094,0.9695999999999999,0.9655469
743946,942334,0.9535889999999999,0.94464874
741535,939442,0.9995165000000001,0.9653924
744805,943310,1.0,0.70749295
744641,943134,0.96512,0.98092693
744630,943121,0.9644773333333333,0.94376516
744342,942811,0.9561341666666667,0.97237635
744323,942788,0.9500133333333334,0.9578709
742696,940830,0.9603211111111111,0.983967
744174,942614,0.615834017595308,0.93799657
740902,938688,0.9699593750000001,0.9360749
743690,942003,0.9763059999999999,0.9508463
743600,941887,0.97222,0.94569117
743596,941882,0.9607370000000001,0.9612194
742259,940307,1.0,0.93793154
743420,941673,0.9733432314410481,0.9588166
743390,941637,0.964914498141264,0.9695657
743382,941626,0.9566883333333334,0.9050568
733864,930286,1.0,0.9590643
742923,941090,1.0,0.9722817
741779,939768,1.0,0.95136595
742459,940536,0.9003928571428571,0.9549553
742644,940754,0.987398,0.96036106
732729,928961,0.9490056,0.95189357
742570,940665,0.90853625,0.94495183
742562,940653,1.0,0.9101591
742519,940602,0.5954,0.95857143
737422,934603,1.0,0.956177
741268,939127,0.8717466666666667,0.96464264
742398,940459,0.9991865,0.9630592
742275,940321,0.9521366666666666,0.9570267
737124,934233,0.9671833333333333,0.93616337
742129,940156,1.0,0.9454906
742071,940087,0.9823200000000001,0.9573021
742042,940050,0.997986,0.9711884
737078,934178,0.9570089285714286,0.9458736
725325,920554,0.9560233333333332,0.95536304
741781,939770,1.0,0.96494806
741219,939067,1.0,0.9555818
741729,939711,0.94728,0.9311127
740576,938316,1.0,0.96171075
741301,939170,0.95665625,0.9704905
741259,939118,0.9589222222222222,0.975291
735296,931961,0.9695199999999999,0.8967207
711528,904492,1.0,0.9735433
740938,938730,0.9115096666666667,0.9491095
736830,933877,0.8789221917808219,0.9624571
740833,938607,0.9511875,0.9510463
740830,921391,0.9602533333333334,0.9472138
740599,938343,0.9993702857142857,0.8485683
739491,937069,0.950287962962963,0.87190115
740505,938229,0.8674611428571428,0.8846513
740100,937752,1.0,0.96702754
740417,938121,1.0,0.91078913
740317,938003,0.9658962962962963,0.9274473
739441,937019,0.952182,0.96675885
739767,937375,0.9990110000000001,0.93939936
739799,937409,0.8695784210526315,0.94598186
739717,915851,0.960736,0.970817
739372,936949,1.0,0.9283122
739599,937191,0.9967394422310757,0.9643033
739619,937211,0.96908,0.9625131
739535,937114,0.974865,0.97385734
739200,936754,0.9985742857142857,0.9637131
739006,936522,0.9740965217391305,0.9492822
738871,936366,0.96675,0.95526576
738817,936293,0.810525,0.9569337
738685,936118,1.0,0.96624106
734505,931032,0.9570188571428573,0.9541561
738342,935696,0.9758366666666667,0.83865607
710743,903527,1.0,0.98730356
738205,935540,0.9691986666666667,0.97928506
738148,935469,1.0,0.95294225
738145,935465,0.9733915343915344,0.96999484
736270,933133,1.0,0.9657077
737540,934737,1.0,0.94554263
737579,934783,0.963888,0.9610682
734018,930474,0.9554767676767676,0.9419246
737482,934670,0.9586224999999999,0.97809577
734947,931544,1.0,0.9587134
737434,934617,1.0,0.9472359
736702,933732,1.0,0.9769116
737345,934508,0.9570014285714287,0.87084913
737185,934309,0.8903633333333334,0.96941453
734863,931442,0.873873,0.9489542
733526,929903,1.0,0.9675924
736677,933705,0.91590125,0.9447296
736589,933555,0.9762306306306306,0.89477026
736551,933512,0.9491225,0.9101646
736548,933508,1.0,0.96335024
736447,933391,1.0,0.9530088
736425,933362,0.9695625,0.9757143
734771,931340,0.9143333333333333,0.94171524
736144,932980,0.9743116666666667,0.94146496
736120,932951,0.9638272727272728,0.9586788
735842,932657,0.9623290566037737,0.9623272
735772,932572,0.7664237500000001,0.9564714
735689,932474,0.718317,0.84991974
676330,864297,0.99874,0.90833205
735439,932155,1.0,0.9759145
734908,931483,0.9567928571428572,0.96681273
734671,931223,1.0,0.9467143
734645,931193,0.9529725806451613,0.9829144
734555,909962,0.9576415,0.96539146
734387,930900,0.9587979999999999,0.94602025
734343,930853,0.966445,0.9590345
734341,930851,0.9550850000000001,0.9562893
734049,930515,0.888071875,0.9714738
733195,929534,0.9966292307692308,0.9287594
733005,929272,0.9541259259259259,0.96442527
730577,926547,0.9564997142857142,0.9719291
733201,929540,0.9978540000000001,0.94843566
733175,929514,0.9312737931034483,0.9685195
562313,723597,1.0,0.94942766
732998,898549,0.968175,0.9530685
732910,929166,0.9200691666666667,0.879235
730773,926771,0.9574993333333334,0.94570297
713479,906712,0.9059603571428572,0.8928764
732635,928857,0.9771375,0.9522335
732489,928697,0.9621666666666666,0.9397667
732467,928671,1.0,0.90786654
732269,928456,0.9514041666666666,0.938098
721594,916228,1.0,0.92539424
731690,927783,0.94252,0.97931844
732001,928129,0.9993902857142858,0.9635933
731742,927839,0.9595316666666666,0.9504824
731565,927641,0.9470791454730417,0.9456358
731219,927262,0.7813125806451613,0.94982815
730606,926581,0.9571777777777778,0.973705
730571,926541,0.9420032323232324,0.95845777
730281,926214,0.9339565000000001,0.9536919
730185,926093,1.0,0.9632967
730130,926031,0.9431052941176471,0.94929683
730086,925987,0.9503433333333334,0.9443065
730014,925904,0.9795085714285715,0.82689565
727942,923505,0.9690729166666667,0.9246348
729581,925373,0.9567060000000001,0.9587143
729503,925284,1.0,0.96479934
720885,915377,0.974175,0.73314196
729078,924823,0.97285375,0.91128314
729025,924764,0.998528,0.9733845
727613,923142,0.9747053333333333,0.98028684
720202,914628,1.0,0.92660594
728866,924588,0.9691620000000001,0.9877407
728795,924510,0.96572,0.99296767
728670,924365,0.87830125,0.95650053
728605,924296,1.0,0.90602916
725833,921141,0.9547928,0.94268507
728464,924151,0.9093896666666667,0.8979885
728135,923734,0.9570549999999999,0.9411001
728052,923646,0.9559291666666666,0.98386985
727669,923206,0.95267375,0.9614511
727518,923037,0.943947027027027,0.9781532
723759,918786,0.9289847619047619,0.9680743
727583,923109,1.0,0.89916044
727396,922903,1.0,0.9040099
727397,922889,1.0,0.95340693
722953,917829,1.0,0.97464037
717597,911689,1.0,0.96644735
725305,920530,0.959558,0.9634258
727063,922547,0.9987561538461538,0.96164644
726764,922205,0.96873,0.96483886
725930,921248,0.7673164,0.91930443
726335,921684,0.9569691666666666,0.9729799
726300,921650,0.956203,0.96775854
725835,921143,0.955448888888889,0.95711523
726038,921363,1.0,0.9291227
726037,921361,0.9598196428571428,0.9711615
725962,921284,0.9533879999999999,0.9399591
723229,918140,0.96898125,0.9715314
725751,921053,0.956,0.9509114
725676,920963,0.9815851327433628,0.97545964
725372,920606,0.9457300000000001,0.800661
725534,920793,0.9838540540540541,0.9697906
725458,920702,0.96953,0.9513087
725367,920601,0.8813045655375552,0.9753321
725335,920566,0.98132375,0.97506773
725193,920406,0.9438977777777777,0.94299215
724550,919673,0.24398452380952385,0.97335345
723925,918978,0.9577688888888889,0.9529887
724732,919885,1.0,0.96555704
720173,914596,0.5835472,0.9445307
724509,919630,0.9528539215686275,0.9490082
718656,912905,0.88454625,0.9068287
708328,900809,1.0,0.9533705
724211,919295,0.9563641025641025,0.9780973
723427,918364,1.0,0.96723014
721720,916412,0.9645600000000001,0.94400096
723498,918494,1.0,0.9851187
721753,916449,0.95397,0.9661399
723530,918532,0.9446833333333333,0.96250457
723487,918478,1.0,0.9695872
723471,918464,1.0,0.9854166
722310,917125,0.9629200000000001,0.94697934
723263,918176,0.9565847272727274,0.9583392
723256,918168,1.0,0.977301
723166,918068,0.9707314285714286,0.9714758
723120,918020,0.9675940000000001,0.95017254
722727,917586,0.17788333333333337,0.9822684
722612,917464,0.9638966666666667,0.95749915
722521,917363,0.909373,0.94772947
722385,917212,0.9767947368421053,0.9816177
722360,917180,0.9575166666666667,0.9382159
722089,916871,0.9599611428571428,0.8909414
722110,916893,0.9522424999999999,0.9455965
718753,913009,0.9583473333333333,0.9775437
715871,909595,0.9689590551181103,0.9751971
721876,916585,0.9990429411764705,0.9505299
721745,916440,0.9994073619631902,0.96096176
721687,916377,0.9551963636363636,0.943237
721695,916386,0.958148,0.9366482
721515,916142,0.8766999999999999,0.9282271
721454,916074,0.9212321428571429,0.9898158
721472,916094,0.9991716814159292,0.987639
721084,915599,0.9476939999999999,0.93495286
721333,915890,0.969185,0.9301506
721195,915731,1.0,0.93083733
721216,915757,0.9878214285714286,0.97208095
710884,903687,0.96609,0.93190426
720788,915272,0.972198,0.96092296
720364,914812,0.9603956009426552,0.94898117
719610,913968,0.9526533333333332,0.94784343
718600,912841,0.9619611940298508,0.9640212
720282,914721,0.8804357142857143,0.96342313
720266,914704,0.889526,0.88225085
719793,914171,0.9395714285714285,0.9530943
677458,865552,1.0,0.9788408
719577,913931,1.0,0.96196854
719459,913801,0.9635049411764706,0.96344495
713710,906994,1.0,0.9398367
719352,913684,0.9568575163398694,0.9535576
717532,911621,0.956389090909091,0.95798844
719196,913509,0.957738,0.8634189
719166,913478,1.0,0.74572635
664678,849869,0.9434772020725389,0.9519231
718593,912828,0.999516,0.95661736
718588,912827,0.957533,0.9787895
717260,911326,0.9376760479041917,0.9597423
718368,912575,0.9659924528301888,0.922954
717580,911672,0.9487260000000001,0.94799894
717990,912148,1.0,0.95955765
717898,912047,0.9695533333333333,0.9467454
714281,907665,0.6399591304347826,0.97105116
715814,909520,1.0,0.97213817
714040,907371,0.9986393333333333,0.96323264
717657,911759,1.0,0.98914903
717550,911640,0.9416291666666666,0.99121565
717513,911603,1.0,0.98310524
717400,911477,0.9519808000000001,0.89067453
717212,911273,1.0,0.83343
717106,911155,0.9520070351758794,0.95494944
685022,874555,0.9268541666666666,0.9115801
716790,910779,0.9997431428571429,0.94317573
716952,910970,0.9962494285714286,0.904134
715658,909326,0.8650958333333333,0.7857805
716018,909777,0.7972024000000001,0.8751036
714769,908227,1.0,0.9451263
715806,909510,0.9141936363636363,0.9540988
716069,909836,0.9575833333333333,0.9569686
716270,910061,0.9337166666666668,0.9360127
707917,900319,0.9573866666666666,0.99252117
716221,910006,0.9604765714285715,0.78664607
716110,909884,0.9492566666666666,0.968119
716113,909889,1.0,0.9682546
715837,909552,0.9108050000000001,0.9352427
715813,909519,0.956448,0.9473662
715695,909372,1.0,0.9146257
715674,909343,1.0,0.9531211
715167,908678,0.5567785714285715,0.9536514
714707,908159,0.9981979999999999,0.9712257
715022,908507,0.9771942857142858,0.95420605
715522,909162,1.0,0.96372604
715381,908949,0.9751749999999999,1.0
714579,908013,0.8902366666666667,0.9175474
715319,908873,0.6207266666666666,0.9506119
714793,908257,1.0,0.94579816
714804,908267,0.9963875000000001,0.9554766
708223,900693,0.9160921428571429,0.95105886
714307,907698,0.9590875,0.94807243
714072,907409,0.958905,0.9771794
711367,904315,0.9622356481481482,0.9497623
708847,901382,0.9519994227994227,0.963654
714006,907335,0.9734738366080662,0.9334008
713841,907151,0.9555966666666666,0.95528823
701309,893081,0.956199,0.948389
713534,906780,0.9770445833333333,0.9171582
711919,904924,0.95555875,0.9662551
713232,906432,1.0,0.97040725
713204,906399,0.995168,0.9415663
713169,906362,0.9344735135135134,0.9490484
713060,906246,0.9603423809523809,0.9693405
713030,906215,0.501776,0.8717449
712914,906087,1.0,0.980191
712603,905732,0.9664787499999999,0.95188093
712546,905666,0.9299331428571429,0.92315245
712516,905628,0.9280617647058823,0.9641508
712485,905595,0.969905,0.9147868
712283,905354,0.9515958333333333,0.9930532
712268,905338,0.9350181818181817,0.9014686
708355,900840,0.9994354999999999,0.82546216
712228,905288,0.977793,0.9147031
711960,904973,0.96304,0.9756901
708241,900714,0.9499502304147465,0.8431347
711812,904806,0.5241355555555556,0.9380026
711761,904752,1.0,0.9309306
711577,904544,1.0,0.94586974
711545,904510,1.0,0.92322755
711127,903997,0.9471163461538462,0.94966984
711082,903939,0.775809375,0.9441436
710806,903592,0.9981784615384616,0.97521853
710590,903357,0.9782732000000001,0.93761
689461,879748,1.0,0.9539984
702211,894074,0.9983,0.9526795
710269,903003,0.958090625,0.9607822
710133,902850,0.91610875,0.9618947
709879,902557,0.9515494444444444,0.97564536
708214,900684,0.9875,0.94531375
709318,897623,0.9539635714285715,0.88325065
709259,901859,1.0,0.9481455
708536,901037,0.9689207142857142,0.9337488
709177,901770,0.9788680000000001,0.9421969
708974,901526,1.0,0.8592729
708965,901516,0.938414,0.96425736
708969,901520,0.9668383333333334,0.9245226
708862,901399,0.9990331250000001,0.93008065
708823,901351,1.0,0.91136116
708626,901139,1.0,0.9460927
702881,894760,0.95512,0.96990263
708230,900701,0.9607899999999999,0.96948886
708174,900641,0.9910686567164179,0.97060186
707938,900343,0.954125,0.9444328
707691,900068,0.956269,0.95651174
707485,899845,0.9991686666666667,0.97181696
707637,900010,0.78852,0.9516858
707632,900004,0.9169075999999999,0.9232798
706518,898735,0.9792614285714286,0.9358155
700968,892705,0.87258,0.94179314
707463,899817,1.0,0.9604897
707398,899742,0.9619200000000001,0.97363544
707300,899632,0.9945833333333334,0.9786438
707347,899684,0.997822,0.96654224
707182,899499,0.9838709999999999,0.9524172
700340,891996,0.956608,0.98046374
706991,899283,0.9484520000000001,0.95646566
706773,899023,0.9718326315789474,0.8575776
706981,899270,0.9771303030303031,0.95799327
706556,898778,1.0,0.99257904
706849,899122,0.9181153846153847,0.9271993
706831,899103,0.9555347058823529,0.9620452
706795,899051,1.0,0.9677598
706765,899013,0.961578,0.91774744
706337,898540,0.95936,0.927356
703555,895563,1.0,0.95378
706424,898629,0.9550742857142858,0.8668979
705347,897421,0.8475391666666666,0.9677361
706023,898128,0.99830125,0.95773834
706013,898114,0.95667875,0.9558438
705954,898081,0.9676,0.9154655
705879,897990,0.96505,0.9631439
668955,855354,1.0,0.98659784
705786,897885,0.8586630000000001,0.9692524
705134,897165,0.9578724999999999,0.9375668
705728,897820,0.9555633333333333,0.9490244
701650,893414,0.9529362776025238,0.94367206
700320,891939,0.957714,0.9568483
696817,888022,0.975549,0.9467555
704995,897008,0.9746384615384616,0.93754864
704507,896524,0.6543894949494949,0.9705389
704461,896472,0.9984545454545455,0.91291124
704390,896396,0.917344,0.968437
702716,894574,0.9993537459283388,0.91397434
704088,896102,0.9803916666666668,0.9472021
704047,896055,0.9994405555555556,0.9624102
703840,895870,0.9419541176470588,0.964052
703280,895222,1.0,0.9818284
703408,895360,0.911102,0.9276371
703297,895240,0.9080954999999999,0.95145106
696462,887627,0.9570005555555555,0.9620126
703226,895162,1.0,0.94865024
703111,895028,0.9437805714285714,0.9225706
695726,886842,0.9714694444444444,0.95558393
703022,894924,0.7730385000000001,0.9668046
699789,891399,0.9978628571428572,0.96085405
665168,850454,0.9551293333333334,0.92307466
702432,894289,0.8860066666666666,0.82724774
702165,894023,0.9434281818181818,0.9620028
702018,893860,0.995875,0.96502703
702096,893929,1.0,0.96248794
702092,893942,0.94985875,0.88875103
701966,893801,0.87222,0.96435136
699714,891316,0.9995233333333333,0.90469086
701569,893328,0.991734,0.96568906
701583,893342,0.9579549999999999,0.96374196
701561,893320,1.0,0.93173385
701523,893277,0.8122422222222223,0.9568082
698547,890004,0.9369422222222221,0.9618387
700865,892582,0.9691090909090909,0.94463
699652,891236,0.9358931147540984,0.97707
700083,891728,0.975563,0.9592563
700028,891664,0.979105,0.91715455
699011,890511,0.9599144827586207,0.979934
699567,891142,0.99868125,0.9756623
688682,878853,0.9534233333333333,0.95633674
699331,890878,0.9635900000000001,0.9603451
699321,890868,1.0,0.95969135
699300,890845,1.0,0.92813843
687338,877341,1.0,0.93088865
697566,888906,0.9995112219451372,0.9760937
698921,890413,1.0,0.95381886
693361,884183,0.95507625,0.9602668
698760,890233,0.9513775,0.94951975
698545,890001,1.0,0.9299215
698538,889993,1.0,0.92476857
697999,889384,0.9558054285714286,0.9536888
698231,889650,0.9559514285714286,0.923274
689542,879845,0.95674,0.9571907
698041,889439,0.970593,0.94838697
697592,888935,0.9190575,0.9356971
697523,888809,0.9391464285714286,0.96365476
697371,888632,0.9993823529411765,0.9606895
697250,888503,0.9583428571428572,0.9489585
696937,888158,0.9467511999999999,0.9028175
696897,888108,1.0,0.96585023
696841,888045,0.9983608333333334,0.9572532
693693,884571,0.9945324999999999,0.9386792
696672,887861,1.0,0.9745625
696639,887823,0.9530571428571429,0.8333612
696233,887381,0.944894,0.9553269
696182,887323,0.9567,0.96305966
696337,887496,0.9551761904761905,0.943756
696344,887505,0.8402087500000001,0.96093607
696328,887484,0.9619933333333334,0.9710495
696188,887329,0.8930790000000001,0.93258244
696160,887301,0.9574669662921348,0.9587704
695753,886871,0.9990104999999999,0.95032877
551238,710406,0.9199426666666666,0.94560087
695397,886470,1.0,0.93696684
668003,853976,0.9542218750000001,0.9194952
695296,886356,1.0,0.952836
695201,886251,0.9609708,0.9517085
695127,886162,0.99692,0.96382767
695035,886076,1.0,0.9492363
694727,885689,0.9130442857142856,0.9461851
694714,885673,0.9529322857142857,0.84074813
694108,884988,0.9450792857142858,0.9384919
694008,884874,1.0,0.95821804
693902,884758,0.9857019607843137,0.9530369
693303,884117,0.9597100000000001,0.9708293
692779,883534,0.8263827838827839,0.9411193
692755,883507,1.0,0.95246255
692695,883438,0.9811840000000001,0.95351213
692654,883349,0.97625125,0.9782018
692496,883169,0.9499500000000001,0.92319393
692431,883098,0.96116,0.9566549
692205,868637,0.7790673333333333,0.9676584
682280,871421,0.948337142857143,0.9332928
691359,881930,1.0,0.9452421
690459,864068,1.0,0.99292445
689543,879846,0.9125708333333333,0.94451004
690315,880726,0.9702433333333333,0.96089715
690178,880578,1.0,0.97613114
690138,880531,0.8123819999999999,0.92187977
690025,880358,0.975255,0.95141226
688799,878980,1.0,0.91710216
689115,879325,0.9710785714285715,0.96503425
688840,879025,1.0,0.93078023
666355,851944,1.0,0.94584
687893,877936,0.9606245614035088,0.9525773
687785,877817,0.8403093749999999,0.9546884
686989,876905,0.6697726984126984,0.9448804
687550,877571,1.0,0.9588131
687534,877555,0.964320472440945,0.9846661
687361,877368,1.0,0.93436265
679525,868097,0.9690089411764705,0.9716913
685965,875698,0.9698336862367661,0.923983
686910,876806,0.9594573333333334,0.945342
686476,876293,0.987458,0.9720838
686343,876136,0.9559407874015747,0.96561235
684594,874087,0.9994657142857144,0.94660723
685561,875225,0.983008,0.9586437
685480,875127,0.9764293333333334,0.9203591
685450,875081,0.9582312500000001,0.9832831
685339,874965,0.9415709999999999,0.93985265
684055,873464,0.9491315384615384,0.87362087
685258,874872,0.9619777777777777,0.9729724
684855,874377,0.956549,0.9625518
684732,853825,0.9991967999999999,0.9472555
684661,874161,0.9709048571428571,0.8095643
684552,874037,0.9443400000000001,0.952463
684430,873897,1.0,0.96935225
683804,873173,0.9594036474164134,0.952433
682142,871259,0.9690716666666667,0.94649255
683494,872827,0.9614866666666667,0.95647883
683428,872752,0.9607496000000001,0.8816995
364693,374862,0.9946064516129033,0.96797866
682043,871155,1.0,0.98135865
683184,872476,0.9996771428571428,0.93333614
683037,872316,0.9756,0.98308825
682941,872206,0.94029,0.96752894
682246,871383,1.0,0.95659053
682691,871929,0.9758377142857143,0.87017274
682634,871862,0.9634119047619047,0.93931776
681502,870531,1.0,0.9158079
682181,871311,0.9622507142857143,0.94269586
682143,871270,1.0,0.9535915
679022,867443,1.0,0.93591326
679103,867541,0.9991082352941176,0.97795826
681850,870941,1.0,0.9860986
678796,867180,0.9576205128205129,0.9555271
681511,870541,0.9615100000000001,0.936086
681304,870297,0.9993546666666666,0.9747264
681146,870106,0.9561975,0.9329126
681142,870101,0.9654083333333333,0.97997206
680422,869154,0.9357128205128206,0.9611352
681101,870059,0.9317116666666667,0.9527894
681087,870041,1.0,0.9843903
680992,869927,1.0,0.9666873
680891,869819,0.9567074074074075,0.9494112
679239,867705,0.9138245714285714,0.9538405
680694,869574,1.0,0.9546952
680672,869545,0.9978483333333333,0.81476355
680400,869196,1.0,0.9822791
678544,866873,0.9563883999999999,0.94521415
670575,857273,0.8872740740740741,0.9613359
679848,868489,0.956275,0.93794715
679572,868154,0.7287120833333334,0.9665247
679352,867841,1.0,0.9102484
679053,867480,1.0,0.9716389
679046,867473,0.9690639999999999,0.9156303
679002,867418,0.06504307692307688,0.958023
678843,867236,0.9571775,0.96857715
678703,867065,0.978348,0.9134031
670808,857554,1.0,0.9736949
678111,866360,0.957189393939394,0.97782046
678015,866258,0.9516000000000001,0.9695468
677354,865438,0.9527326666666667,0.9571194
677087,865140,1.0,0.957635
677055,865106,1.0,0.98377097
676986,865028,0.9480229166666667,0.9369628
676941,864976,0.9628,0.9579724
676925,864961,0.9303,0.9302193
676779,864798,0.999331,0.9112994
675272,863013,0.95031,0.9595177
676546,864561,1.0,0.98126745
676042,863973,0.9562780000000001,0.9247741
675963,863831,0.9505287499999999,0.9003934
675952,863818,0.9571913043478261,0.91062194
675850,863699,0.9572114814814815,0.96237767
674982,862684,0.9697805714285714,0.8319641
675343,863100,0.9551891666666668,0.96067274
675717,863547,1.0,0.9724015
675591,863405,0.9987316666666667,0.98142064
674376,861956,0.99719375,0.96201146
660835,845178,1.0,0.9538717
672391,852567,0.9476041666666667,0.9659558
674931,862624,0.9270195652173914,0.93775165
674952,862648,0.9961947999999999,0.86255443
674675,862321,0.9207033333333334,0.9470601
674670,862316,0.9738040000000001,0.96596265
663472,848374,1.0,0.9395345
674613,862251,0.9666363636363636,0.9727045
674451,862046,0.9567904761904762,0.9725402
674071,861572,0.9288834586466165,0.9568842
673623,861005,1.0,0.94161755
673506,860864,1.0,0.9689664
673307,860619,0.9303954545454546,0.9747947
673070,860334,1.0,0.9058873
673001,860248,1.0,0.9580531
670462,857135,1.0,0.95556027
672042,859123,0.9987145454545455,0.9663056
671932,858937,0.9499599999999999,0.9404289
671452,858376,0.9567438596491228,0.96945035
671761,858728,0.9991312,0.9535136
661618,846128,0.984746762589928,0.94897944
671516,858457,1.0,0.9380577
671416,858334,0.9682779166666666,0.9671708
671259,858214,1.0,0.95423746
669256,855716,0.956968,0.94881314
670870,857691,0.983385,0.9569155
654211,836649,0.97259875,0.9590341
670547,857238,0.978029,0.86508256
670022,856627,0.9232603333333333,0.91261935
670475,857149,0.9610599999999999,0.9650572
670271,856907,1.0,0.9571963
670165,856788,0.47096,0.9315622
670124,856744,0.9991215,0.87803924
670105,856723,0.96155,0.951092
669564,856141,0.991560625,0.8323899
669149,855592,1.0,0.89969003
669421,855922,0.9985625,0.9299606
647417,828305,0.9986153333333333,0.947066
669200,855651,0.955944,0.96866405
669087,855517,0.9681172413793103,0.9652975
668685,854994,1.0,0.96266335
668271,854430,0.9953684210526316,0.9755962
640792,820284,1.0,0.96054965
668258,854411,0.9595328125,0.94432145
661258,845693,0.8714180821917809,0.9072055
667961,853921,0.6256125925925926,0.96502346
667933,853887,0.18658249999999998,0.914463
667624,853498,0.9778627737226276,0.94923925
667320,853134,1.0,0.8923681
666283,851854,1.0,0.9621943
667392,853224,0.8391338888888888,0.9692014
666996,852743,1.0,0.9425432
653378,835567,1.0,0.9849984
666847,852543,1.0,0.84383166
666622,852264,0.9437864,0.9751418
666364,851954,1.0,0.9581417
652750,834799,0.9570693333333334,0.9668416
659948,844062,0.6761999999999999,0.9782518
665844,851311,1.0,0.97350323
665860,851329,0.975825,0.9335605
665693,851107,0.9587265625000001,0.96987873
665748,851179,1.0,0.9624087
665644,851048,1.0,0.9694152
665402,850723,0.97837,0.97202355
660949,845314,1.0,0.97158355
665198,815713,0.9778888888888889,0.96977484
665160,850445,0.9610525,0.9599716
664688,849881,0.9593452,0.95404696
664680,849871,1.0,0.95717067
664592,849765,1.0,0.96116835
664512,849671,0.9994208,0.96151644
643213,823176,0.9297660000000001,0.9362828
664202,849294,0.9967883333333333,0.936545
664100,849162,1.0,0.9491382
662416,847100,0.9578298591549296,0.94084466
664000,849050,0.9993458333333334,0.9609732
663996,849045,0.9984000000000001,0.97974694
663385,848274,0.9785739999999999,0.79573685
661329,845777,0.9968,0.97742546
663493,848397,0.9910088888888888,0.9304192
656828,840042,0.923896,0.95623046
662664,847417,0.9991796000000001,0.9105056
663272,848138,0.962170652173913,0.90659827
663164,831156,0.9194545454545454,0.9625055
662846,847648,0.9528072916666668,0.9670862
662719,847485,0.8128492668621701,0.9480808
662660,847411,0.20425349999999998,0.96541154
662367,847043,0.9746454545454546,0.9710705
662350,847024,0.965824,0.9489737
662255,846914,0.9634647058823529,0.92256457
655993,839011,1.0,0.8843062
662167,846808,0.9967176470588236,0.96277684
662142,846777,0.968228947368421,0.97372746
662135,846769,1.0,0.94927967
662034,846641,0.9309748672566373,0.9633467
661952,846543,0.98637,0.9507418
661219,845644,0.9532282926829269,0.9357665
660157,844333,1.0,0.9608213
661521,846006,0.8732376,0.88799256
661361,845814,1.0,0.93835086
660822,845161,0.9987159999999999,0.94963086
655111,837877,0.9571568421052631,0.96140146
661262,845698,0.9445822222222222,0.9197203
660912,845272,0.8876107142857144,0.9617502
660889,845240,0.870035,0.97106916
660862,829072,1.0,0.9276933
660819,845158,0.961046,0.9687457
660798,845134,0.95316,0.94659215
660734,845052,0.9579043478260869,0.91686654
660615,844908,0.9577655,0.94163275
659221,843127,1.0,0.9621258
643919,824042,0.9854428571428572,0.93319035
660438,844688,1.0,0.9586497
660394,844634,1.0,0.96396273
659869,843965,0.6980362499999999,0.9860532
660114,844274,0.9532972000000001,0.9422504
659745,843801,1.0,0.908482
657326,840658,1.0,0.9892067
659533,843529,0.9680222950819672,0.9399143
658399,842042,0.9561379999999999,0.9560977
659280,843198,0.9571111111111111,0.96370953
659177,843072,0.998650925925926,0.95087194
657891,841338,1.0,0.95925146
659099,842982,1.0,0.9315007
658960,842789,0.9969071428571429,0.93028486
658701,842418,0.95425,0.9385372
655958,838968,0.9758568,0.8665296
658485,842149,0.9861313432835821,0.94227505
658355,841985,0.9723888888888889,0.9681641
656945,840187,1.0,0.96274054
658238,841775,0.9605136,0.9609707
658204,841735,0.9779540000000001,0.93116933
657900,841348,0.97146,0.94782525
657589,840974,0.9866789473684211,0.97579247
624787,800729,1.0,0.8875659
657388,840726,1.0,0.90330327
657325,840656,0.6473813953488372,0.9322145
657334,464033,0.9789680555555555,0.97874135
657219,840532,1.0,0.9676798
657208,840519,0.9758439999999999,0.89362705
653891,836268,1.0,0.9809964
649688,831132,0.9741502702702702,0.9821213
657053,840330,0.9755057142857143,0.96130353
656918,840155,0.9146413333333333,0.97384465
651893,833821,1.0,0.9579743
656790,839993,0.9550427272727272,0.9781455
656642,839834,1.0,0.9690042
656300,839409,1.0,0.9579701
656273,839379,0.9116620000000001,0.92650986
656009,839031,0.9302635714285714,0.94227153
656055,839094,0.9974533333333333,0.9465367
656157,839232,0.9614328571428571,0.9537125
656057,839096,0.9631453846153846,0.9783472
654518,837039,0.9561025,0.97300637
655691,838623,0.978383,0.9445206
655115,837884,0.9563925000000001,0.96820945
640372,819741,0.8473115,0.96302354
654898,837502,0.9991664285714286,0.9487656
654859,837447,1.0,0.98332095
654707,837269,0.9647835714285714,0.9581692
646519,827193,0.9949966666666668,0.9448614
654411,836909,0.9987992857142858,0.94696796
654310,836776,1.0,0.9557735
654313,836779,0.9991903999999999,0.9622944
646994,827786,0.957035,0.983708
654043,836454,1.0,0.9096924
651084,832886,0.9599366666666667,0.9131563
653959,836347,0.9802639999999999,0.95861566
653939,836320,0.99622,0.9893184
653204,835373,1.0,0.95494604
653735,836031,1.0,0.9039526
653722,836016,0.96221,0.9747199
647869,828855,1.0,0.9637035
653289,835469,0.864385,0.94193727
651216,833038,0.7774108000000001,0.8613557
653141,835284,0.9985059999999999,0.94990116
653096,835232,0.93326,0.9646551
652960,835071,0.9550133333333334,0.94527423
651913,833847,1.0,1.0
652764,834816,0.335155625,0.94974816
652128,834080,0.980844,0.9558699
652585,834600,0.980248,0.9618034
652330,834307,0.903158,0.9594959
652507,834508,0.9771280000000001,0.91794676
652444,834440,0.976345,0.96054065
652172,834127,0.9371291666666667,0.9754793
651824,833732,1.0,0.9466226
651704,833623,0.9750927272727273,0.9307519
651496,833372,0.9566258333333334,0.96935475
651345,833194,1.0,0.9686101
649179,830497,0.9565325,0.96547484
651235,833060,0.956232,0.9672658
650013,831521,0.9280387499999999,0.9631151
645396,825834,1.0,0.97083277
649918,831400,0.9626024999999999,0.9745842
649929,831420,0.9983814285714285,0.9123668
650699,832367,0.9775333333333334,0.89476466
649879,831358,1.0,0.97331756
650598,832248,1.0,0.9817703
650525,832156,0.954361,0.9439902
650236,831788,0.96333,0.882051
647072,827883,0.8855244999999999,0.9235238
649682,831124,1.0,0.8986219
649786,831245,0.98477,0.8482196
650335,831911,0.95475,0.9553551
650259,831816,1.0,0.97718316
649603,831031,0.9267866666666668,0.97794724
649602,831030,0.996778,0.9693014
649089,830396,0.9314929166666668,0.9663227
647699,828640,0.9540026666666668,0.9528326
648474,829619,0.7601711999999999,0.7679635
645617,826098,0.96949375,0.96691614
648089,829144,1.0,0.94276845
648069,829121,0.9610380952380952,0.9492227
647880,828868,0.9546125,0.94810766
647688,828625,1.0,0.9474749
647574,828489,0.99874,0.9520595
646396,827052,0.9557800000000001,0.98226416
647554,828465,0.9986855172413793,0.9570815
647537,828444,0.9975744444444444,0.9473422
641768,821488,0.9991855737704918,0.86192954
638625,818035,0.9742346666666667,0.97167844
647376,828254,0.9568,0.93501556
646974,827760,1.0,0.8954364
646958,827742,0.955802,0.9484965
646957,827741,0.978980625,0.9677699
643484,823509,1.0,0.95652306
646576,827267,0.9941485714285714,0.96433866
638110,817406,0.950533,0.75874776
646694,827409,0.8928532000000001,0.7599261
646218,826812,0.9790975,0.9527135
646084,826642,0.9537162790697675,0.96533597
646020,826566,1.0,0.9829479
645871,826393,0.998748,0.93643767
645839,826358,0.9184571428571429,0.95449793
645598,826076,0.9766171428571429,0.864235
645050,825405,1.0,0.97893065
645127,825498,1.0,0.9697554
645002,825347,0.9747600000000001,0.9493674
643182,823142,1.0,0.9529856
644914,825235,0.824705,0.95466554
644887,825198,0.9994060869565218,0.82323056
644250,824422,0.9666205405405405,0.95824355
644644,824902,0.973248,0.98369974
643152,823106,1.0,0.9574212
644561,824795,0.99897,0.9552392
644553,824783,0.9859334999999999,0.97729474
644396,824593,0.98256,0.9129923
644418,824620,1.0,0.9648055
644361,824552,1.0,0.9583926
644163,824319,1.0,0.9669102
644031,824172,1.0,0.96681136
643860,823969,1.0,0.99267524
643800,823901,0.922433888888889,0.95019424
643848,823955,0.9623120000000001,0.95390874
643822,823926,0.956623,0.95702505
643636,823701,0.9782299999999999,0.9597192
643621,823682,1.0,0.9305134
643511,823546,0.8690586666666668,0.9442032
643333,823333,0.956702,0.9320002
643293,823282,0.9978479591836734,0.95609546
643083,823027,0.96221,0.9621637
641972,821735,0.7606785714285714,0.94609684
642983,820684,0.9989733333333334,0.96274036
642967,822899,0.9971923076923077,0.9535439
640529,819966,1.0,0.96609956
640684,820147,0.99708625,0.97191113
642860,822761,0.9595304347826087,0.9858852
642830,822731,0.9981395017793595,0.9402055
642826,822727,1.0,0.9513518
642816,822717,1.0,0.95826834
642777,822678,1.0,0.94132084
642664,822615,1.0,0.9732438
642564,822465,0.9797958904109589,0.9027865
642467,822318,1.0,0.9587357
642413,822261,0.963,0.9735357
642328,822169,0.96389,0.950128
640082,819397,0.9816408,0.9420998
642049,821825,0.9794414285714286,0.9563927
641977,821741,0.9989876923076924,0.9566202
641838,821581,1.0,0.95885205
641687,821391,0.9971099999999999,0.97325474
641147,820716,0.9554727272727274,0.964409
641001,820549,1.0,0.9708027
640452,819876,0.9963930000000001,0.94300365
640448,819877,0.9542124000000001,0.93787414
640211,819562,0.9987525,0.9655195
587135,754241,0.9590942857142857,0.9290586
637980,817234,0.9686100000000001,0.94598085
637755,816953,0.12182800000000006,0.97258615
637256,816326,1.0,0.95390207
634029,812261,1.0,0.96284527
